name,type_code,us_node,ds_node,length,diameter,slope,roughness,shape,us_invert,ds_invert
100,136,1N-2-28,1N-2-27,592.17,2.75,0.22,0.013,1,4247.85,4246.55
101,136,1N-2-29,1N-2-28,240.34,2.75,0.279,0.013,1,4248.53,4247.86
102,136,1N-2-30,1N-2-29,193.04,3.25,0.109,0.013,1,4248.92,4248.71
1028,136,3-4-84,3-4-90,281.88,0.67,1.38,0.013,1,4871.37,4867.48
103,136,1N-3-5,1N-2-30,373.18,3.25,0.062,0.013,1,4249.17,4248.94
1035,136,3-4-90,3-4-92,309.11,0.67,1.702,0.013,1,4867.38,4862.12
1037,136,3-4-92,3-4-94,226.37,0.67,2.3,0.013,1,4861.78,4856.58
1038,136,3-4-94,3-4-95,34.95,0.67,0.77,0.013,1,4856.32,4856.05
1126,136,4-1-78,4-1-77,232.47,0.67,2.16,0.013,1,4664.34,4659.33
1127,136,4-1-79,4-1-78,421.82,0.67,2.124,0.013,1,4673.3,4664.34
1128,136,4-1-80,4-1-79,113.98,0.67,1.606,0.013,1,4675.23,4673.4
1131,136,4-1-83,4-1-80,336.98,0.67,1.95,0.013,1,4682.02,4675.45
1132,136,4-1-84,4-1-83,189.93,0.67,3.09,0.013,1,4687.92,4682.05
1137,136,4-1-89,4-1-84,261.55,0.67,3.05,0.013,1,4695.96,4687.99
1138,136,4-1-90,4-1-89,302.67,0.67,1.166,0.013,1,4699.59,4696.06
1139,136,4-1-91,4-1-90,263.81,0.67,1.308,0.013,1,4703.08,4699.63
1140,136,4-1-92,4-1-91,325.45,0.67,3.6,0.013,1,4720.21,4708.51
1141,136,4-1-93,4-1-92,150.33,0.67,1.2,0.013,1,4722.06,4720.26
1145,136,4-1-96,5-2-23,232.05,1,1.49,0.013,1,4676.39,4672.95
1184,136,4-2-38,4-1-93,276.27,0.833,0.376,0.013,1,4723.91,4722.87
1213,136,4-2-68,4-2-43,45.07,0.83,0.244,0.013,1,4725.12,4725.01
1214,136,4-2-69,4-2-68,159.48,0.83,0.257,0.013,1,4725.58,4725.17
1215,136,4-2-70,4-2-69,86.71,0.67,3.69,0.013,1,4729.05,4725.85
1217,136,4-2-72,4-2-70,170.06,0.667,3.575,0.013,1,4735.19,4729.11
1218,136,4-2-73,4-2-72,257.06,0.833,1.404,0.013,1,4738.92,4735.31
1220,136,4-2-75,4-2-74,455.66,0.83,6.04,0.013,1,4769.74,4742.24
1221,136,4-2-76,4-2-75,320.84,0.83,6.037,0.013,1,4789.29,4769.92
1223,136,4-2-77,4-2-76,335.03,0.83,0.54,0.013,1,4792.12,4790.3
1224,136,4-2-78,4-2-77,325.35,0.83,0.88,0.013,1,4794.99,4792.14
1225,136,4-2-79,4-2-78,364.92,0.83,0.62,0.013,1,4797.29,4795.04
1226,136,4-2-80,4-2-79,132.57,0.83,0.67,0.013,1,4798.28,4797.39
1235,136,4-2-89,4-2-80,148.42,0.83,0.69,0.013,1,4799.57,4798.54
1236,136,4-2-73.1,4-2-73,204.43,0.83,1.12,0.013,1,4741.27,4738.98
1247,136,4-2-74,4-2-73.1,33.22,0.83,1.6,0.013,1,4742.04,4741.51
1248,136,4-2-90,4-2-89,285.33,0.83,0.53,0.013,1,4801.11,4799.61
128,136,1N-2-55,1N-2-54,154.68,3.5,0.11,0.013,1,4250.29,4250.12
1304,136,4-3-38,4-4-78,442.84,0.83,0.84,0.013,1,4724.23,4720.51
1305,136,4-3-39,4-3-38,534.81,0.833,1.438,0.013,1,4732.03,4724.34
1306,136,4-3-40,4-3-39,77.13,0.667,1.66,0.013,1,4733.35,4732.07
1309,136,4-3-43,4-3-40,167.41,0.833,0.962,0.013,1,4734.98,4733.37
1311,136,4-3-45,4-3-43,47.42,0.833,0.633,0.013,1,4735.3,4735
1316,136,4-3-49,4-3-45,113.57,0.833,1.647,0.013,1,4737.41,4735.54
1317,136,4-3-50,4-3-49,195.29,0.83,2.02,0.013,1,4741.59,4737.65
1323,136,4-3-56,4-3-50,400.86,0.83,1.467,0.013,1,4747.59,4741.71
1327,136,4-3-60,4-3-56,413.09,0.83,1.576,0.013,1,4754.17,4747.66
1328,136,4-3-61,4-3-60,316.47,0.83,2.23,0.013,1,4761.49,4754.44
1329,136,4-3-62,4-3-61,14.71,0.83,0.95,0.013,1,4761.77,4761.63
1366,136,4-4-1,5-3-12,87.43,1.5,2.848,0.013,1,4725.84,4723.35
1378,136,4-4-11,4-4-22,26.42,1,0.681,0.013,1,4721.62,4721.44
1389,136,4-4-22,4-4-23,353.91,1,0.641,0.013,1,4721.4,4719.13
1391,136,4-4-24,4-4-25,70.39,1,2.2,0.013,1,4692.18,4690.63
1393,136,4-4-25,4-4-26,300.16,1,2.2,0.013,1,4690.61,4684.02
1394,136,4-4-26,4-4-58,27.78,1,2.052,0.013,1,4683.78,4683.21
1427,136,4-4-58,4-4-59,8.01,1,0.25,0.013,1,4683.18,4682.8
1428,136,4-4-59,4-4-91,108.95,1,1.33,0.013,1,4682.76,4681.31
1429,136,4-4-60,4-4-59,299.6,0.83,0.838,0.013,1,4686.4,4683.89
1430,136,4-4-61,4-4-60,297.84,0.83,0.671,0.013,1,4688.68,4686.68
1431,136,4-4-65,4-4-61,32.13,0.83,3.11,0.013,1,4690.3,4689.3
1435,136,4-4-66,4-4-65,370.41,0.83,1.4,0.013,1,4695.8,4690.61
1436,136,4-4-67,4-4-66,336.18,0.83,1.389,0.013,1,4700.49,4695.82
1437,136,4-4-68,4-4-67,73.78,0.83,2.13,0.013,1,4702.14,4700.57
1439,136,4-4-69,4-4-68,260.78,0.83,1.48,0.013,1,4706.03,4702.17
1441,136,4-4-71,4-4-69,267.63,0.83,1.43,0.013,1,4709.88,4706.05
1442,136,4-4-72,4-4-71,168.82,0.83,0.86,0.013,1,4711.54,4710.08
1443,136,4-4-73,4-4-72,276.66,0.83,0.755,0.013,1,4713.71,4711.62
1444,136,4-4-74,4-4-73,221.14,0.83,0.93,0.013,1,4715.93,4713.87
1445,136,4-4-75,4-4-74,55.74,0.83,0.502,0.013,1,4716.38,4716.1
1447,136,4-4-77,4-4-75,280.31,0.83,0.853,0.013,1,4718.78,4716.39
1448,136,4-4-78,4-4-77,223.67,0.83,0.68,0.013,1,4720.51,4718.99
1464,136,4-4-91,4-4-92,333.6,1,0.573,0.013,1,4681.24,4679.33
1465,136,4-4-92,4-4-93,376.5,1,0.59,0.013,1,4679.13,4676.91
1466,136,4-4-93,4-1-96,85.11,1,0.552,0.013,1,4676.89,4676.42
1487,136,5-2-2,5-2-1,409.85,1.5,2.64,0.013,1,4630.19,4619.36
1488,136,5-2-3,5-2-2.3,34.89,2.33,0.917,0.013,1,4633,4632.68
1489,136,5-2-4,5-2-3,40.24,1.5,2.237,0.013,1,4639.04,4638.14
1490,136,5-2-5,5-2-4,94.31,1.5,0.93,0.013,1,4640.2,4639.32
1491,136,5-2-6,5-2-5,49.32,1.5,12.368,0.013,1,4646.32,4640.22
1492,136,5-2-7,5-2-6,363.9,1.5,0.206,0.013,1,4646.86,4646.11
1493,136,5-2-8,5-2-7,396.51,1.5,0.204,0.013,1,4647.86,4647.05
1494,136,5-2-9,5-2-8,249.33,1.5,0.22,0.013,1,4648.51,4647.97
1495,136,5-2-10,5-2-9,73.2,1.5,0.19,0.013,1,4648.89,4648.75
1496,136,5-2-11,5-2-10,225.95,1.5,1.07,0.013,1,4651.39,4648.97
1497,136,5-2-12,5-2-11,50.19,1.5,1.04,0.013,1,4651.94,4651.42
1498,136,5-3-1,5-2-12,409.15,1.5,0.78,0.013,1,4655.13,4651.94
1499,136,5-2-13,5-2-6,110.62,1.5,0.8,0.013,1,4647,4646.11
1500,136,5-2-14,5-2-13,388.11,1.5,0.415,0.013,1,4649.08,4647.47
1501,136,5-2-15,5-2-14,299.95,1.5,0.447,0.013,1,4650.5,4649.16
1506,136,5-2-19,5-2-15,62.21,1.5,3.151,0.013,1,4652.54,4650.58
1507,136,5-2-20,5-2-19,352.78,1,1.46,0.013,1,4657.9,4652.75
1509,136,5-2-22,5-2-21,320.61,1,1.02,0.013,1,4667.17,4663.9
1510,136,5-2-23,5-2-22,388.57,1,1.418,0.013,1,4672.75,4667.24
1517,136,5-2-28,5-2-27,364.09,0.67,1.79,0.013,1,4650.31,4643.78
1519,136,5-2-30,5-2-28,134.34,0.67,4.34,0.013,1,4656.19,4650.36
1520,136,5-2-31,5-2-30,250.21,0.67,7.59,0.013,1,4675.23,4656.24
1534,136,5-2-45,5-2-44,140.81,0.67,6.022,0.013,1,4627.26,4618.78
1536,136,5-2-46,5-2-45,400.84,0.67,2.65,0.013,1,4639.23,4628.62
1537,136,5-2-47,5-2-46,134.49,0.67,2.57,0.013,1,4642.91,4639.46
1538,136,5-2-48,5-2-47,214.42,0.67,2.51,0.013,1,4648.38,4643
1539,136,4-1-77,5-2-48,316.41,0.67,3.26,0.013,1,4658.96,4648.66
1543,136,5-2-53,5-2-45,182.27,1,2.266,0.013,1,4631.51,4627.38
1544,136,5-2-54,5-2-53,75.76,1,2.138,0.013,1,4633.15,4631.53
1546,136,5-2-56,5-2-54,173.28,1,2.447,0.013,1,4637.49,4633.25
1547,136,5-2-57,5-2-56,79.88,1,1.565,0.013,1,4638.77,4637.52
1552,136,5-3-2,5-3-1,466.7,1.5,0.65,0.013,1,4658.18,4655.14
1553,136,5-3-3,5-3-2,503.99,1.5,0.1,0.013,1,4658.73,4658.25
1554,136,5-3-4,5-3-3,502.34,1.5,0.18,0.013,1,4659.63,4658.75
1555,136,5-3-5,5-3-4,495.39,1.5,0.18,0.013,1,4660.92,4660.03
1557,136,5-3-6,5-3-5,35.77,1.5,0.62,0.013,1,4661.18,4660.96
1559,136,5-3-8,5-3-7,249.12,1.5,11.26,0.013,1,4711.65,4683.6
1560,136,5-3-9,5-3-8,149.05,1.5,1.2,0.013,1,4713.76,4711.97
1562,136,5-3-11,5-3-10,432.63,1.5,0.52,0.013,1,4721.22,4718.95
1563,136,5-3-12,5-3-11,331.64,1.5,0.53,0.013,1,4723.15,4721.39
1594,136,7-3-1,6-1-1,347.02,3.25,0.069,0.013,1,4278.05,4277.81
1595,136,6-1-1,6-1-2,337.07,3.25,0.258,0.013,1,4277.71,4276.84
1596,136,6-1-2,6-1-3,314.31,3.25,0.13,0.013,1,4276.84,4276.44
1597,136,6-1-3,6-1-4,247.86,3.25,0.07,0.013,1,4276.4,4276.22
1599,136,6-1-5,6-1-6,243.2,2.75,0.27,0.013,1,4275.5,4274.84
1600,136,6-1-6,6-1-7,766.08,2.75,0.33,0.013,1,4274.67,4272.15
1601,136,6-1-7,6-1-8,161.27,2.75,0.29,0.013,1,4272.14,4271.67
1602,136,6-1-8,6-1-9,803.86,2.75,0.212,0.013,1,4271.57,4269.87
1603,136,6-1-9,6-1-10,22.88,2.75,0.26,0.013,1,4269.77,4269.71
1604,136,6-1-10,6-2-1,487.81,2.75,0.27,0.013,1,4269.63,4268.31
1605,136,6-2-1,6-2-2,165.82,2.75,0.25,0.013,1,4268.25,4267.83
1606,136,6-2-2,6-2-3,72.61,2.75,0.22,0.013,1,4267.78,4267.62
1607,136,6-2-3,6-2-4,243.15,2.75,0.123,0.013,1,4267.56,4267.26
1608,136,6-2-4,6-2-5,210.24,2.75,0.666,0.013,1,4267.15,4265.75
1609,136,6-2-5,6-2-6,216.19,3.25,0.19,0.013,1,4265.07,4264.67
161,136,1N-3-6,1N-3-5,162.43,2.75,0.339,0.013,1,4249.77,4249.22
1610,136,6-2-6,6-2-7,488.41,3.25,0.09,0.013,1,4264.63,4264.19
1611,136,6-2-7,6-2-8,33.85,3.25,0.236,0.013,1,4264.13,4264.05
1612,136,6-2-8,6-2-9,719.84,3.25,0.088,0.013,1,4263.96,4263.33
1613,136,6-2-9,6-2-10,635.13,3.25,0.115,0.013,1,4263.32,4262.59
1614,136,6-2-10,6-2-11,44.2,2,2.78,0.013,1,4262.38,4261.15
1615,136,6-2-11,6-2-12,380.37,2.75,0.308,0.013,1,4260.7,4259.53
1616,136,6-2-12,6-2-13,458.89,2.75,0.292,0.013,1,4259.47,4258.13
162,136,1N-3-7,1N-3-6.1,426.36,2.75,0.26,0.013,1,4251,4250.78
1620,136,6-2-17,6-2-16,314.16,2.5,0.18,0.013,1,4254.8,4254.24
1621,136,6-2-18,6-2-17,462.94,2.5,0.17,0.013,1,4255.58,4254.81
1622,136,6-2-19,6-2-18,222.33,2.5,0.04,0.013,1,4255.67,4255.59
1627,136,6-2-24,6-2-19,99.8,2.5,0.27,0.013,1,4256.02,4255.75
1628,136,6-2-24S1,6-2-24,6,2.5,-67,0.013,1,4252,4256.02
1628S1,136,6-2-24S2,6-2-24S1,12.12,2.5,0,0.013,1,4252,4252
1628S2,136,6-2-25,6-2-24S2,6,2.5,42.833,0.013,1,4254.57,4252
1629,136,6-2-26,6-2-25,192.52,2.5,0.93,0.013,1,4256.37,4254.57
163,136,1N-3-8,1N-3-7,214.87,2.75,0.163,0.013,1,4251.38,4251.03
1631,136,6-2-28,6-2-26,102.65,2.5,0.09,0.013,1,4256.46,4256.37
1637,136,6-2-28.1,6-2-28,71.97,2.5,0.111,0.013,1,4256.61,4256.53
1638,136,6-2-33,6-2-28.1,366.86,2.5,0.115,0.013,1,4257.04,4256.62
1639,136,6-2-34,6-2-33,276.86,2.5,0.119,0.013,1,4257.43,4257.1
164,136,1N-3-9,1N-3-8,191.55,2.75,0.24,0.013,1,4251.85,4251.39
1640,136,6-2-35,6-2-34,448,2.5,0.11,0.013,1,4257.99,4257.5
1641,136,6-2-36,6-2-35,409.93,2.5,0.16,0.013,1,4258.67,4258.02
1642,136,6-2-37,6-2-36,540.68,2.5,0.124,0.013,1,4259.37,4258.7
1644,136,6-4-19,6-2-37,449.65,2.5,0.189,0.013,1,4260.32,4259.47
1645,136,6-2-16,6-2-39,344.78,2.5,0.04,0.013,1,4254.13,4253.98
165,136,1N-3-10,1N-3-9,376.77,2.75,0.25,0.013,1,4252.8,4251.86
1652,136,7-3-5,6-4-1,420.5,1.75,0.93,0.013,1,4276.75,4272.84
1653,136,6-4-1,6-4-2,143.7,1.5,0.8,0.013,1,4272.73,4271.58
1654,136,6-4-2,6-4-3,19.99,1.5,1.25,0.013,1,4271.49,4271.24
1655,136,6-4-3,6-4-4,265.3,1.75,1.01,0.013,1,4271.14,4268.47
1656,136,6-4-4,6-4-5,22.36,1.75,0.984,0.013,1,4268.3,4268.08
1657,136,6-4-6,6-4-5,300.99,1.5,0.31,0.013,1,4270.01,4269.07
1658,136,6-4-7,6-4-6,283.55,1.5,0.36,0.013,1,4271.06,4270.03
166,136,1N-3-11,1N-3-10,449.43,2.75,0.22,0.013,1,4253.86,4252.87
1660,136,6-4-9,6-4-8,179.18,1.5,0.223,0.013,1,4272.6,4272.2
1661,136,7-3-33,6-4-9,427.08,1.5,0.293,0.013,1,4273.9,4272.65
1662,136,6-4-5,6-4-10,268.89,1.75,0.372,0.013,1,4267.85,4266.85
1663,136,6-4-10,6-4-10.1,146.66,1.75,1.8,0.013,1,4266.56,4263.92
1664,136,6-4-10.1,6-4-11,173.31,2.5,0.1,0.013,1,4263.77,4263.6
1665,136,6-4-11,6-4-12,306.5,2.5,0.098,0.013,1,4263.5,4263.2
1666,136,6-4-12,6-4-13,478.36,2.5,0.119,0.013,1,4263.1,4262.53
1669,136,6-4-13,6-4-16,336.77,2.5,0.08,0.013,1,4262.48,4262.21
167,136,1N-3-12,1N-3-11,323.84,2.75,0.5,0.013,1,4255.7,4254.08
1670,136,6-4-16,6-4-17,227.84,2.5,0.066,0.013,1,4262.12,4261.97
1671,136,6-4-17,6-4-18,154.78,2.5,0.72,0.013,1,4261.88,4260.76
1672,136,6-4-18,6-4-19,195.56,2.5,0.08,0.013,1,4260.48,4260.33
1674,136,6-4-7.1,6-4-7,11.58,1.5,1.036,0.013,1,4271.25,4271.13
1675,136,6-4-7.2,6-4-7.1,110.44,1.5,0.109,0.013,1,4271.46,4271.34
1676,136,6-4-7.3,6-4-7.2,78.9,1.5,0.254,0.013,1,4271.71,4271.51
1677,136,6-4-7.4,6-4-7.3,162.92,1.5,0.178,0.013,1,4272.05,4271.76
1679,136,6-4-8,6-4-7.4,14.03,1.5,0.356,0.013,1,4272.15,4272.1
168,136,6-2-13,1N-3-12,450.55,2.75,0.52,0.013,1,4258.1,4255.76
1699,136,7-3-2,7-3-1,633.59,3.25,0.07,0.013,1,4278.59,4278.15
1700,136,7-3-3,7-3-2,24.69,3.25,-3.16,0.013,1,4275.08,4275.86
1701,136,7-3-4,7-3-3,59.74,3.25,0.54,0.013,1,4279.34,4279.02
1703,136,7-3-6,7-3-5,265,2,0.543,0.013,1,4278.2,4276.76
1704,136,7-3-7,7-3-6,67.71,2,1.03,0.013,1,4278.94,4278.24
1711,136,7-3-14,7-3-7,246.45,1.75,0.531,0.013,1,4280.26,4278.95
1712,136,7-3-15,7-3-14,437.75,2.5,0.274,0.013,1,4281.56,4280.36
1713,136,7-3-16,7-3-15,457.32,1.75,0.405,0.013,1,4283.61,4281.76
1714,136,7-3-17,7-3-16,500.13,1.75,0.95,0.013,1,4288.56,4283.81
1715,136,7-3-18,7-3-17,169.24,1.75,0.91,0.013,1,4290.27,4288.73
1718,136,7-3-21,7-3-18,328.84,1.75,0.885,0.013,1,4293.61,4290.7
1719,136,7-3-22,7-3-21,501.21,1.75,0.567,0.013,1,4296.55,4293.71
172,136,1N-3-16,1N-3-13,238.45,3.5,0.18,0.013,1,4250.76,4250.62
1720,136,8-1-1,7-3-22,404.11,1.75,0.61,0.013,1,4299,4296.55
1721,136,7-3-23,7-3-4,32.73,2.5,0.06,0.013,1,4279.36,4279.34
1722,136,7-3-24,7-3-23,239.39,2.5,0.55,0.013,1,4280.68,4279.37
1723,136,7-3-25,7-3-24,230.96,2.5,0.34,0.013,1,4281.67,4280.88
1724,136,7-3-26,7-3-25,114.57,2.5,0.98,0.013,1,4282.83,4281.71
1725,136,7-3-27,7-3-26,50.75,2.5,0.394,0.013,1,4283.05,4282.85
1726,136,7-3-28,7-3-27,350.16,2.5,0.685,0.013,1,4285.5,4283.1
1727,136,7-3-29,7-3-28,456.5,2.5,0.5,0.013,1,4287.79,4285.5
1730,136,7-3-30,7-3-29,397.07,2.5,0.67,0.013,1,4290.59,4287.92
1735,136,7-3-31,7-3-30,668.93,2.5,0.537,0.013,1,4294.38,4290.79
1736,136,7-3-32,7-3-31,437.86,2.5,0.962,0.013,1,4298.7,4294.49
1737,136,8-1-25,7-3-32,404.15,2.5,0.45,0.013,1,4300.63,4298.8
1738,136,8-2-4,7-3-37,363.76,1.5,0.335,0.013,1,4277.83,4276.61
1740,136,7-3-36,7-3-35,162.23,1.5,0.321,0.013,1,4276.11,4275.59
1741,136,7-3-35,7-3-34,141.17,1.5,0.418,0.013,1,4275.57,4274.98
1742,136,7-3-34,7-3-33,351.62,1.5,0.301,0.013,1,4274.97,4273.91
1748,136,8-1-2,8-1-1,470.51,1.75,0.61,0.013,1,4301.92,4299.06
1749,136,8-1-3,8-1-2,368.18,1.75,0.67,0.013,1,4304.48,4302.02
1750,136,8-1-4,8-1-3,376.5,1.75,0.27,0.013,1,4305.5,4304.5
1751,136,8-1-5,8-1-4,640.03,1.75,0.98,0.013,1,4311.82,4305.55
1752,136,8-1-5.1,8-1-5,347.21,1.75,0.648,0.013,1,4314.22,4311.97
1753,136,8-1-6,8-1-5.1,352.04,1.75,0.639,0.013,1,4316.48,4314.23
1754,136,8-1-7,8-1-6,495.83,2.5,1.35,0.013,1,4323.2,4316.5
1755,136,17-2-57,8-1-7,213.58,2.5,0.342,0.013,1,4324.08,4323.35
1756,136,17-2-49,8-1-8,67.18,1.75,0.64,0.013,1,4320.78,4320.35
176,136,1N-3-20,1N-3-16,434.39,2.5,0.1,0.013,1,4251.2,4250.78
1761,136,8-1-8,8-1-13,280.42,1.75,0.53,0.013,1,4320.24,4318.86
1766,136,8-1-13,8-1-18,336.42,1.75,0.523,0.013,1,4318.86,4317.1
1767,136,8-1-18,8-1-19,31.05,1.75,0.29,0.013,1,4317.08,4316.99
1768,136,8-1-19,8-1-6,31.77,1.75,1.794,0.013,1,4316.95,4316.38
1769,136,8-1-20,8-1-20.1,328.05,3,0.131,0.013,1,4315.35,4314.92
177,136,1N-3-21,1N-3-20,214.34,2.5,0.18,0.013,1,4251.61,4251.22
1770,136,8-1-20.1,8-1-21,358.92,3,0.326,0.013,1,4314.78,4313.61
1771,136,8-1-21,8-1-22,341.62,2.5,1.12,0.013,1,4313.61,4309.78
1772,136,8-1-22,8-1-22.1,298.17,2.5,0.258,0.013,1,4309.77,4309
1778,136,8-1-24,8-1-25,469.55,2.5,0.6,0.013,1,4303.48,4300.68
1790,136,8-1-35,8-1-18,262.86,0.67,0.194,0.013,1,4320.17,4319.66
1798,136,8-1-42,8-1-35,285.62,0.67,4.17,0.013,1,4332.08,4320.17
1799,136,8-1-43,8-1-42,295.57,0.67,1.079,0.013,1,4335.32,4332.13
180,136,1N-3-24,1N-3-21,202.68,2.5,0.23,0.013,1,4252.08,4251.62
1800,136,8-4-6,8-1-43,215.82,0.67,1.23,0.013,1,4338.08,4335.43
1819,136,8-2-5,8-2-4,139.06,1.5,0.201,0.013,1,4278.11,4277.83
1820,136,8-2-6,8-2-5,431.15,1.5,0.241,0.013,1,4279.17,4278.13
1821,136,8-2-6.1,8-2-6.2,213.73,1.5,0.426,0.013,1,4280.65,4279.74
1822,136,8-2-7,8-2-6.1,67.92,1.5,0.044,0.013,1,4280.7,4280.67
1823,136,8-2-8,8-2-7,56.39,1.5,0.14,0.013,1,4280.86,4280.78
1825,136,8-2-10,8-2-8,31.3,1.5,0.19,0.013,1,4281.04,4280.98
1826,136,8-2-11,8-2-10,121.81,1.5,0.22,0.013,1,4281.36,4281.09
1827,136,8-2-12,8-2-11,264.26,1.5,0.29,0.013,1,4282.14,4281.44
1828,136,8-2-13,8-2-12,338.72,1.5,0.363,0.013,1,4283.42,4282.19
1829,136,8-2-14,8-2-13,104.85,1.5,4.26,0.013,1,4288,4283.53
183,136,1N-3-27,1N-3-24,365.38,2.5,0.063,0.013,1,4252.32,4252.09
1835,136,8-2-20,8-2-14,163.24,1.5,0.86,0.013,1,4289.77,4288.36
1838,136,8-2-22,8-2-20,331.41,1.5,0.54,0.013,1,4292.43,4290.65
1839,136,8-2-23,8-2-22,248.92,1.5,0.33,0.013,1,4293.24,4292.43
184,136,1N-3-28,1N-3-27,450.84,2.5,0.126,0.013,1,4252.9,4252.33
1840,136,8-2-24,8-2-23,302.53,0.67,0.294,0.013,1,4294.33,4293.44
1846,136,8-3-14,8-2-23,352.82,1.5,0.29,0.013,1,4294.29,4293.25
1848,136,8-2-6.2,8-2-6,168.32,1.5,0.303,0.013,1,4279.73,4279.22
185,136,1N-3-29,1N-3-28,322.36,2.5,0.15,0.013,1,4253.5,4253.02
186,136,6-2-39,1N-3-29,419.18,2.5,0.1,0.013,1,4253.96,4253.54
1861,136,8-3-11,8-3-12,120.15,1.5,1.81,0.013,1,4297.58,4295.41
1862,136,8-3-12,8-3-13,25.56,1.5,0.67,0.013,1,4295.32,4295.15
1863,136,8-3-13,8-3-14,253.24,1.5,0.27,0.013,1,4295.01,4294.32
1865,136,8-3-15,8-3-11,402.24,1.5,1.186,0.013,1,4302.41,4297.64
1866,136,8-3-16,8-3-15,405.19,1.5,1.503,0.013,1,4308.51,4302.42
1867,136,8-3-17,8-3-16,372.25,1.5,0.57,0.013,1,4311.41,4309.29
1868,136,8-4-42,8-3-17.1,378.37,1.5,1.19,0.013,1,4316.67,4312.18
1869,136,8-3-18,8-3-16,49.39,0.67,0.385,0.013,1,4310.87,4310.68
1870,136,8-3-19,8-3-18,359.92,0.67,0.317,0.013,1,4312.06,4310.92
1871,136,8-3-20,8-3-19,216.08,0.67,0.625,0.013,1,4313.56,4312.21
1872,136,8-4-36,8-3-20,320.14,0.67,0.372,0.013,1,4314.8,4313.61
1890,136,8-4-1,8-4-3,142.06,0.83,0.09,0.013,1,4341.38,4341.25
1893,136,8-4-4,8-4-6,393.02,0.83,0.47,0.013,1,4340.15,4338.29
1922,136,8-4-35,8-4-36,98.16,0.67,0.306,0.013,1,4315.27,4314.97
1929,136,8-4-43,8-4-42,405.3,1.5,0.94,0.013,1,4320.64,4316.82
1930,136,8-4-44,8-4-43,395.93,1.5,0.61,0.013,1,4323.11,4320.68
1931,136,8-4-45,8-4-44,403.58,1.5,0.82,0.013,1,4326.51,4323.22
1932,136,8-4-46,8-4-35,386.97,0.67,0.525,0.013,1,4317.32,4315.29
1986,136,6-1-4,6-1-5,254.81,2.75,0.24,0.013,1,4276.14,4275.52
1994,136,16-2-48,9N-1-1,404.34,1.5,1.27,0.013,1,4346.52,4341.37
1995,136,9N-1-1,9N-1-2,413.28,1.5,0.6,0.013,1,4341.2,4338.73
1996,136,9N-1-2,9N-1-3,389.58,1.5,0.58,0.013,1,4338.68,4336.42
1997,136,9N-1-3,9N-1-4,397.56,1.5,0.73,0.013,1,4336.26,4333.35
1998,136,9N-1-4,8-4-45,397.97,1.5,1.26,0.013,1,4333.28,4328.28
1999,136,9S-1-2,9S-1-1,348.44,0.67,2.612,0.013,1,4698.79,4689.69
2000,136,9S-1-3,9S-1-2,247.54,0.67,1.709,0.013,1,4703.21,4698.98
2007,136,9S-1-10,9S-1-3,168.35,0.67,6.17,0.013,1,4713.72,4703.34
2017,136,9S-1-20,9S-1-10,469.42,0.67,5.91,0.013,1,4742.69,4714.93
2018,136,9S-1-21,9S-1-20,281.64,0.67,3.41,0.013,1,4752.63,4743.02
2030,136,9S-1-33,9S-1-21,224.68,0.67,4.15,0.013,1,4762.57,4753.25
2031,136,9S-1-34,9S-1-33,170.49,0.67,2.17,0.013,1,4766.3,4762.6
2033,136,9S-1-36,9S-1-34,298.09,0.67,0.81,0.013,1,4768.74,4766.32
2034,136,9S-1-37,9S-1-36,104.07,0.67,0.38,0.013,1,4769.19,4768.79
2035,136,9S-1-38,9S-1-37,132.6,0.67,0.7,0.013,1,4770.14,4769.21
2047,136,9S-1-50,9S-1-38,339.65,0.67,0.46,0.013,1,4771.79,4770.24
2050,136,9S-1-53,9S-1-50,249.85,0.67,0.43,0.013,1,4772.88,4771.8
2059,136,9S-1-62,9S-1-57,258.54,0.67,0.21,0.013,1,4774.26,4773.71
2079,136,9S-2-3,9S-2-5,268.34,1,0.339,0.013,1,4773.27,4772.36
2091,136,9S-2-17,9S-2-2,344.19,1,0.416,0.013,1,4776.02,4774.59
2092,136,9S-2-18,9S-2-17,56.21,1,0.409,0.013,1,4776.39,4776.16
2093,136,9S-2-19,9S-2-18,134.29,1,0.581,0.013,1,4777.27,4776.49
2098,136,9S-2-24,9S-2-19,261.65,0.83,0.436,0.013,1,4778.46,4777.32
2099,136,9S-2-25,9S-2-24,399.42,1,0.46,0.013,1,4780.37,4778.54
2100,136,9S-2-26,9S-2-25,415.27,1,0.45,0.013,1,4782.52,4780.65
2102,136,9S-4-87,9S-2-26,370.58,1,1.21,0.013,1,4787,4782.53
2103,136,9S-2-5,9S-2-27,297.43,0.67,2.71,0.013,1,4772.31,4764.26
2104,136,9S-2-27,9S-2-28,174.96,0.67,10.01,0.013,1,4763.41,4745.9
2105,136,9S-2-28,9S-2-29,138.73,1,1.12,0.013,1,4745.83,4744.27
2106,136,9S-2-29,9S-2-30,319.08,1,0.31,0.013,1,4744.17,4743.18
2110,136,9S-2-30,9S-2-33,122.36,1,0.39,0.013,1,4743.07,4742.59
2113,136,9S-2-33,9S-2-34,408.31,1,0.306,0.013,1,4742.31,4741.06
2130,136,9S-2-50,9S-2-51,152,1,0.388,0.013,1,4739.46,4738.87
2146,136,9S-2-51,9S-2-67,377.23,1,0.39,0.013,1,4738.78,4737.31
2147,136,9S-2-67,9S-2-68,389.38,1,0.36,0.013,1,4737.22,4735.8
2148,136,9S-2-68,9S-2-69,351.29,1,0.23,0.013,1,4735.74,4734.93
2149,136,9S-2-69,9S-2-70,148.72,1,4.93,0.013,1,4734.8,4727.47
2150,136,9S-2-70,4-4-113,48.72,1,0.76,0.013,1,4727.09,4726.72
2279,136,9S-4-63,9S-4-62,225.27,0.83,5.11,0.013,1,4835.05,4823.54
2288,136,9S-4-70,9S-4-63,147.94,0.67,6.68,0.013,1,4845.26,4835.38
2289,136,9S-4-71,9S-4-70,316.64,0.67,4.02,0.013,1,4858.19,4845.46
2290,136,9S-4-72,9S-4-71,131.95,0.67,12.23,0.013,1,4876.48,4860.34
2291,136,10-1-6,9S-4-72,214.09,0.67,3.14,0.013,1,4883.4,4876.68
2292,136,9S-4-62,9S-4-73,136.99,0.67,4.39,0.013,1,4823.18,4817.17
2294,136,9S-4-73,9S-4-75,311.89,0.83,4.64,0.013,1,4817.09,4802.61
2295,136,9S-4-75,9S-4-76,69.99,1,0.67,0.013,1,4802.04,4801.57
2296,136,9S-4-76,9S-4-77,124.11,1,0.76,0.013,1,4800.88,4799.94
2297,136,9S-4-77,9s-4-78,189.9,1,0.85,0.013,1,4799.61,4798
2298,136,9s-4-78,9s-4-79,180.78,1,0.25,0.013,1,4797.84,4797.38
2300,136,9s-4-79,9s-4-81.2,187.35,1,0.22,0.013,1,4797.34,4796.92
2301,136,9s-4-81.2,9S-4-81.1,349.37,1,0.29,0.013,1,4796.9,4795.88
2302,136,9S-4-81.1,9s-4-81,35.5,1,0.99,0.013,1,4795.86,4795.51
2307,136,9s-4-81,9S-4-86,279.7,1,0.33,0.013,1,4795.48,4794.57
2308,136,9S-4-86,9S-4-90,287.2,1,0.3,0.013,1,4794.5,4793.65
2309,136,9S-4-91,9S-4-90,15.15,1,0.13,0.013,1,4793.21,4793.19
2310,136,9S-4-92,9S-4-91,348.92,0.67,2.8,0.013,1,4807.62,4797.85
2311,136,9S-4-93,9S-4-92,420.62,0.67,4.46,0.013,1,4826.61,4807.83
2330,136,9S-4-111,9S-4-93,299.92,0.67,5.88,0.013,1,4845.06,4827.43
2331,136,9S-4-112,9S-4-111.1,128.37,0.67,5.38,0.013,1,4857.57,4850.67
2332,136,10-1-61,9S-4-112,122.2,0.67,0.786,0.013,1,4858.68,4857.72
2334,136,9S-4-89,9S-4-88,348.47,1,0.61,0.013,1,4791.52,4789.38
2335,136,9S-4-88,9S-4-87,377.21,1,0.59,0.013,1,4789.32,4787.1
2348,136,10-1-7,10-1-6,283.03,0.67,0.36,0.013,1,4884.78,4883.75
2353,136,10-1-12,10-1-7,401.42,0.67,0.434,0.013,1,4886.6,4884.86
2354,136,10-1-13,10-1-12,346.21,0.67,3.356,0.013,1,4898.27,4886.65
2356,136,10-1-15,10-1-13,277.64,0.67,3.97,0.013,1,4914.18,4903.16
2358,136,10-1-17,10-1-15,302.17,0.83,0.14,0.013,1,4914.92,4914.51
2359,136,10-1-18,10-1-17,246.1,0.83,0.18,0.013,1,4915.38,4914.94
2360,136,10-1-19,10-1-18,281.09,0.83,0.13,0.013,1,4915.87,4915.5
240,136,1S-2-24,1S-2-23,53.32,0.67,1.763,0.013,1,5043.69,5042.75
2405,136,10-1-59,10-1-60,395.89,0.67,0.71,0.013,1,4865.48,4862.67
2406,136,10-1-60,10-1-61,126.84,0.67,3.051,0.013,1,4862.57,4858.7
2446,136,10-2-1,10-2-8,242.92,0.67,8.64,0.013,1,4915.26,4894.28
2447,136,10-2-2,10-2-1,349.82,0.67,0.583,0.013,1,4918.88,4916.84
2448,136,10-2-3,10-2-2,306.69,0.67,0.424,0.013,1,4920.2,4918.9
2454,136,10-2-8,10-2-10,390.42,0.67,12.04,0.013,1,4894.07,4847.08
2455,136,10-2-10,10-2-11,184.47,0.67,3.64,0.013,1,4842.59,4835.88
2466,136,10-2-11,10-2-22,166.37,0.67,0.34,0.013,1,4835.77,4835.2
2467,136,10-2-22,10-2-23,214.08,0.67,0.43,0.013,1,4835.07,4834.15
2482,136,10-2-23,10-2-37,293.23,0.67,0.4,0.013,1,4834.14,4832.97
2484,136,10-2-37,10-2-39,305.17,0.67,0.32,0.013,1,4832.83,4831.85
2486,136,10-2-39,10-2-41,302.84,0.67,0.4,0.013,1,4831.74,4830.54
2488,136,10-2-41,10-2-43,85.47,0.67,0.33,0.013,1,4830.53,4830.25
2493,136,10-2-43,10-2-48,329.89,0.67,0.29,0.013,1,4830.11,4829.14
2495,136,10-2-48,10-2-50,138.51,0.67,0.39,0.013,1,4829.07,4828.53
2496,136,10-2-50,10-2-51,115.62,0.67,0.372,0.013,1,4828.42,4827.99
2497,136,10-2-51,3-1-13,69.38,0.67,0.49,0.013,1,4827.94,4827.6
2498,136,10-2-52,3-1-14,264.95,1,1.22,0.013,1,4839.68,4836.44
2502,136,10-2-56,10-2-52,60.49,1,1.26,0.013,1,4840.51,4839.75
2503,136,10-2-57,10-2-56,230.83,1,1.4,0.013,1,4843.76,4840.53
2509,136,10-2-62,10-2-57,106.05,1,1.48,0.013,1,4845.51,4843.94
2510,136,10-3-33,10-2-62,424.23,1,1.63,0.013,1,4852.43,4845.52
252,136,1S-2-36,1S-2-24,17.53,0.67,1.83,0.013,1,5044.06,5043.74
253,136,1S-2-37,1S-2-36,328.44,0.67,2.51,0.013,1,5052.44,5044.18
254,136,1S-2-38,1S-2-37,398.79,0.67,4.16,0.013,1,5069.18,5052.58
2547,136,10-3-36,10-3-33,410.42,0.83,2.82,0.013,1,4864.28,4852.69
255,136,1S-2-39,1S-2-38,127.4,0.67,2.89,0.013,1,5073.52,5069.84
2582,136,10-3-68,10-3-36,239.16,0.83,5.75,0.013,1,4878.09,4864.33
2584,136,10-3-70,10-3-69,376.44,0.67,9.75,0.013,1,4945.32,4908.6
2585,136,10-3-71,10-3-70,192.63,0.67,9.32,0.013,1,4963.4,4945.44
2596,136,10-3-82,10-3-71,266.42,0.67,8.91,0.013,1,4987.42,4963.69
2597,136,10-3-83,10-3-82,286.35,0.67,5.14,0.013,1,5002.29,4987.56
2612,136,10-3-96,10-3-83,361.61,0.83,4.24,0.013,1,5017.79,5002.45
2613,136,10-3-97,10-3-96,19.72,0.83,3.09,0.013,1,5018.66,5018.05
2621,136,11-2-17,10-3-103,262.56,0.83,4.49,0.013,1,5044.62,5032.82
2624,136,10-3-103,10-3-97,326.32,0.83,4.31,0.013,1,5032.74,5018.68
2684,136,9S-4-90,9S-4-89,336.66,1,0.45,0.013,1,4793.17,4791.65
2766,136,11-2-18,11-2-17,38.77,0.83,4.85,0.013,1,5046.7,5044.82
2767,136,11-2-19,11-2-18,74.59,0.83,4.5,0.013,1,5050.08,5046.72
2769,136,11-2-21,11-2-19,69.21,0.83,4.28,0.013,1,5053.17,5050.21
2774,136,11-2-23,11-2-21,268.9,0.83,4.61,0.013,1,5065.66,5053.26
2783,136,11-2-31,11-2-27,300.01,0.83,3.57,0.013,1,5090.41,5079.7
2790,136,11-2-37,11-2-36,91.48,0.83,2.25,0.013,1,5107.02,5104.96
2794,136,11-2-41,11-2-37,209.51,0.83,2.36,0.013,1,5112.08,5107.14
2795,136,11-2-42,11-2-41,24.53,0.83,2.24,0.013,1,5112.77,5112.22
2797,136,11-2-44,11-2-42,281.87,0.83,1.9,0.013,1,5118.16,5112.81
2832,136,11-2-74,11-2-44,352.27,1,0.79,0.013,1,5121.12,5118.34
2846,136,11-3-11,11-2-74,397.69,0.83,1.21,0.013,1,5135.17,5130.35
2858,136,11-3-12,11-3-11,256.35,0.83,1.54,0.013,1,5139.21,5135.27
2865,136,11-3-18,11-3-12,226.05,0.83,2.6,0.013,1,5146.59,5140.72
2866,136,11-3-19,11-3-18,177.22,0.83,2.26,0.013,1,5151.19,5147.18
2880,136,11-3-33,11-3-27,188.34,0.83,1.65,0.013,1,5158.23,5155.13
2881,136,11-3-34,11-3-33,121.11,1,1.115,0.013,1,5159.66,5158.31
2882,136,11-3-35,11-3-34,154.19,1,0.655,0.013,1,5160.69,5159.68
2884,136,11-3-36,11-3-35,438.39,1,0.331,0.013,1,5162.16,5160.71
2885,136,11-3-37,11-3-36,274.62,1,0.313,0.013,1,5163.05,5162.19
2886,136,11-3-38,11-3-37,135.82,1,0.42,0.013,1,5163.79,5163.22
2887,136,11-3-39,11-3-38,172.35,1,0.34,0.013,1,5164.5,5163.91
2888,136,11-3-40,11-3-39,195.51,1,0.42,0.013,1,5165.44,5164.62
2889,136,11-3-41,11-3-40,307.83,1,0.37,0.013,1,5166.58,5165.45
2890,136,11-4-59,11-3-41,362.82,1,0.39,0.013,1,5168.06,5166.66
2960,136,12-2-1,11-4-59,169.75,1,0.224,0.013,1,5168.54,5168.16
2965,136,12-2-2,12-2-1,295.99,1,0.375,0.013,1,5169.66,5168.55
2966,136,12-2-3,12-2-2,167.21,1,0.45,0.013,1,5171.04,5170.29
2970,136,12-2-7,12-2-5,124.16,1,1.87,0.013,1,5193.28,5190.96
2976,136,12-2-12,12-2-7,416.93,0.83,1.68,0.013,1,5200.3,5193.29
2977,136,12-2-13,12-2-12,140.67,0.83,1.642,0.013,1,5202.67,5200.36
2979,136,12-2-15,12-2-13,285.93,0.83,1.73,0.013,1,5207.69,5202.73
2981,136,12-2-17,12-2-15,148.7,0.83,3.64,0.013,1,5213.13,5207.71
2982,136,12-2-18,12-2-17,116.07,0.83,3.55,0.013,1,5217.43,5213.31
2986,136,12-2-22,12-2-18,222.21,0.83,3.42,0.013,1,5225.07,5217.48
2987,136,12-2-23,12-2-22,249.03,0.83,2.29,0.013,1,5230.78,5225.07
2989,136,12-2-25,12-2-23,365.64,0.83,1.48,0.013,1,5236.62,5231.2
2995,136,12-2-25.1,12-2-25,202.88,0.83,7.92,0.013,1,5254.2,5238.14
2996,136,12-3-1,12-2-25.1,289.82,0.83,3.29,0.013,1,5263.8,5254.26
3011,136,12-3-2,12-3-1,251.33,0.83,3.55,0.013,1,5272.95,5264.02
3012,136,12-3-3,12-3-2,240.37,0.83,4.54,0.013,1,5283.87,5272.96
3018,136,12-3-7,12-3-32,122.56,0.83,1.14,0.013,1,5339.54,5338.14
3019,136,12-3-8,12-3-7,125.06,0.83,8.77,0.013,1,5350.62,5339.65
3020,136,12-3-9,12-3-8,110.61,0.83,11.07,0.013,1,5363.17,5350.93
3021,136,12-3-10,12-3-9,24.12,0.67,4.64,0.013,1,5364.31,5363.19
3076,136,16-1-8,17-4-46,393.44,1.25,0.59,0.013,1,4386.92,4384.59
3077,136,16-1-9,16-1-8,405.01,1.25,0.5,0.013,1,4389.14,4387.12
3078,136,16-1-10,16-1-9,176.36,1.25,0.37,0.013,1,4390.1,4389.45
3081,136,16-1-13,16-1-10,117.86,1.25,0.59,0.013,1,4391.04,4390.35
3084,136,16-1-16,16-1-13,100.09,1.25,0.35,0.013,1,4391.51,4391.16
3085,136,16-1-17,16-1-16,395.93,1.25,0.51,0.013,1,4393.69,4391.68
3086,136,16-1-18,16-1-17,414.39,1.25,0.53,0.013,1,4396.11,4393.91
3087,136,16-1-19,16-1-18,385.32,1.25,0.56,0.013,1,4398.45,4396.3
3088,136,16-1-20,16-1-19,452.51,1.25,0.45,0.013,1,4400.77,4398.72
3089,136,16-4-6,16-1-20,432.33,1.25,0.93,0.013,1,4405.08,4401.08
3146,136,16-2-4,16-2-3,210.73,0.83,0.5,0.013,1,4358.49,4357.43
3153,136,16-2-3,16-2-10,16.32,1.5,0.613,0.013,1,4357.34,4357.24
3154,136,16-2-10,16-2-11,221.63,1.5,0.69,0.013,1,4356.3,4354.77
3160,136,16-2-17,16-2-4,161.23,0.83,0.409,0.013,1,4359.15,4358.49
3187,136,16-2-11,16-2-44,263.89,1.5,0.58,0.013,1,4354.76,4353.23
3188,136,16-2-44,16-2-45,404.57,1.5,0.56,0.013,1,4353.15,4350.88
3189,136,16-2-45,16-2-46,477.96,1.5,0.45,0.013,1,4350.71,4348.57
3190,136,16-2-46,16-2-47,10.3,1.5,1.55,0.013,1,4348.52,4348.36
3191,136,16-2-47,16-2-48,301.27,1.5,0.5,0.013,1,4348.28,4346.78
3194,136,16-2-49,16-2-17,147.28,0.83,0.55,0.013,1,4360.03,4359.22
3196,136,16-2-51,16-2-49,483.85,0.67,1.01,0.013,1,4365.07,4360.18
3198,136,16-2-53,16-2-51,289.48,0.67,0.99,0.013,1,4367.98,4365.1
3199,136,16-2-54,16-2-53,448.57,0.67,0.42,0.013,1,4370.27,4368.4
3200,136,16-2-55,16-2-54,438,0.67,0.38,0.013,1,4371.94,4370.29
3201,136,16-2-56,16-2-55,167.69,0.67,0.423,0.013,1,4372.7,4371.99
3203,136,16-2-58,16-2-56,361.67,0.67,0.28,0.013,1,4374.2,4373.18
3204,136,16-3-27,16-2-58,273.3,0.67,0.37,0.013,1,4375.22,4374.21
3237,136,16-3-29,16-3-27,402.42,0.67,0.77,0.013,1,4378.35,4375.24
3238,136,16-3-30,16-3-29,288.42,0.67,0.7,0.013,1,4380.41,4378.4
3239,136,16-3-31,16-3-30,346.67,0.67,0.35,0.013,1,4381.67,4380.46
3243,136,16-3-35,16-3-31,230.52,0.67,0.43,0.013,1,4384.1,4383.11
3244,136,16-3-36,16-3-35,217.61,0.67,2.37,0.013,1,4389.51,4384.36
3245,136,16-3-37,16-3-36,226.02,0.67,0.88,0.013,1,4391.5,4389.52
3262,136,16-4-7,16-4-6,422.25,1.25,0.673,0.013,1,4407.97,4405.13
3263,136,16-4-8,16-4-7,454.07,1.25,0.841,0.013,1,4411.85,4408.03
3265,136,16-4-9,16-4-8,127.24,1.25,0.53,0.013,1,4412.65,4411.97
3274,136,16-4-16,16-4-9,315.78,1.25,0.89,0.013,1,4415.51,4412.69
3275,136,16-4-17,16-4-16,307.86,1.25,0.978,0.013,1,4418.73,4415.72
3276,136,16-4-18,16-4-17,262.28,1.25,0.317,0.013,1,4419.63,4418.8
3280,136,21-3-68,16-4-19,332.75,1.25,0.3,0.013,1,4421.68,4420.68
3314,136,17-1-10,17-1-9,152.21,0.83,2.06,0.013,1,4368.08,4364.94
3315,136,20-2-18,20-2-23,83.82,0.83,1.551,0.013,1,4373.25,4371.95
3316,136,17-1-9,17-1-11,248.14,0.83,1.83,0.013,1,4364.69,4360.16
3317,136,17-1-11,17-1-12,152.93,0.83,2.84,0.013,1,4359.94,4355.59
3324,136,17-1-12,17-1-19,247.44,0.83,2.55,0.013,1,4355.29,4348.99
3325,136,17-1-19,17-1-20,325.88,0.83,1.07,0.013,1,4348.1,4344.62
3326,136,17-1-21,17-1-20,282.26,1.75,1.6,0.013,1,4349.11,4344.59
3327,136,17-1-22,17-1-21,229.87,1.75,0.957,0.013,1,4351.41,4349.21
3329,136,17-4-1,17-1-22,371.13,1.75,1.083,0.013,1,4355.44,4351.42
3330,136,17-1-20,17-1-24,477.99,1.75,0.297,0.013,1,4344.56,4343.14
3331,136,17-1-24,17-1-25,258.03,1.75,0.527,0.013,1,4343.1,4341.74
3336,136,17-1-25,17-1-30,235.33,1.75,0.48,0.013,1,4341.71,4340.59
3337,136,17-1-30,17-1-31,112.81,1.75,0.69,0.013,1,4340.55,4339.77
3338,136,17-1-31,17-2-44,389.5,1.75,0.53,0.013,1,4339.67,4337.62
3343,136,20-2-5,17-1-35,493.04,2.25,1.16,0.013,1,4379.3,4373.59
3344,136,17-1-35,17-1-36,501.52,2.25,1.83,0.013,1,4373.57,4364.39
3345,136,17-1-36,17-1-37,311.01,2.25,2.44,0.013,1,4364.35,4356.76
3346,138,17-1-37,17-1-38,339.16,2,1.047,0.013,1,4356.6,4353.05
3347,136,17-1-38,17-1-39,17.64,2.75,20.52,0.013,1,4351.99,4348.37
3348,136,17-1-39,17-1-39.1,518,2.75,0.7,0.013,1,4348.28,4344.64
3349,136,17-1-39.1,17-1-40,16.91,2.75,0.83,0.013,1,4344.55,4344.41
3350,136,17-1-40,17-1-41,303.23,2.75,0.59,0.013,1,4344.15,4342.36
3351,136,17-1-41,17-1-42,491.51,2.75,0.28,0.013,1,4342.24,4340.84
3352,136,17-1-42,17-2-50,289.56,2.25,0.88,0.013,1,4340.42,4337.86
3412,136,17-2-24,17-2-25,311,0.83,0.209,0.013,1,4330.62,4329.97
3413,136,17-2-26,17-2-25,487.09,1.25,1.195,0.013,1,4336.59,4330.77
3414,136,17-2-27,17-2-26,170.52,1.25,2.99,0.013,1,4341.96,4336.86
3416,136,17-2-29,17-2-27,135.02,1.25,2.87,0.013,1,4345.88,4342.01
3417,136,17-3-32,17-2-29,245.8,1.25,0.46,0.013,1,4347.04,4345.92
3418,136,17-2-30,17-2-25,657.78,1.5,0.672,0.013,1,4333.55,4329.13
3419,136,17-2-31,17-2-30,163.35,0.67,0.64,0.013,1,4335.67,4334.62
3427,136,17-2-37,17-2-31,349.84,0.83,0.48,0.013,1,4337.43,4335.74
3428,136,17-2-38,17-2-37,128.78,0.67,0.53,0.013,1,4338.21,4337.53
3429,136,17-2-39,17-2-38,396.8,0.67,0.37,0.013,1,4339.76,4338.28
3430,136,17-3-1,17-2-39,301.83,0.67,1.91,0.013,1,4345.57,4339.79
3434,136,17-2-43,17-2-30,424.81,1.5,0.709,0.013,1,4336.7,4333.69
3435,136,17-2-44,17-2-43,118.31,1.5,0.668,0.013,1,4337.55,4336.76
3437,136,17-2-25,17-2-45,497.24,1.75,0.613,0.013,1,4328.87,4325.82
3438,136,17-2-45,17-2-46,146.05,1.75,0.4,0.013,1,4325.59,4325.01
3440,136,17-2-46,17-2-48,308.59,1.75,0.51,0.013,1,4324.64,4323.06
3441,136,17-2-48,17-2-49,451.34,1.75,0.5,0.013,1,4323.04,4320.8
3447,136,17-2-53,17-2-54,502.29,2.5,0.32,0.013,1,4332.57,4330.96
3448,136,17-2-54,17-2-55,505.09,2.5,0.309,0.013,1,4330.65,4329.09
3449,136,17-2-55,17-2-56,494.5,2.5,0.332,0.013,1,4329.04,4327.4
3451,136,17-3-2,17-3-1,313.38,0.67,2.45,0.013,1,4353.25,4345.58
3453,136,17-3-4,17-3-2,250.22,0.67,0.616,0.013,1,4354.94,4353.4
3454,136,17-4-57,17-3-4,344.79,0.67,0.682,0.013,1,4357.31,4354.96
3487,136,17-3-35,17-3-32,204.62,1.25,0.48,0.013,1,4348.35,4347.37
3488,136,17-3-36,17-3-35,442.48,1.25,0.58,0.013,1,4351.1,4348.52
3489,136,17-3-37,17-3-36,364.68,1.25,0.751,0.013,1,4354.1,4351.36
3490,136,17-3-38,17-3-37,345.3,1.25,0.756,0.013,1,4356.81,4354.2
3491,136,17-3-39,17-3-38,399.35,1.25,0.83,0.013,1,4360.32,4357
3493,136,17-3-41,17-3-39,351.37,1.25,0.74,0.013,1,4362.99,4360.4
3496,136,17-3-44,17-3-41,350.23,1.25,0.52,0.013,1,4364.94,4363.12
3498,136,17-3-46,17-3-45,346.49,1.25,0.416,0.013,1,4368.58,4367.14
3506,136,17-4-53,17-3-46,352.94,1.25,0.54,0.013,1,4370.83,4368.93
3539,136,17-4-7,17-4-1,382.66,1.75,1.04,0.013,1,4359.51,4355.53
3541,136,17-4-9,17-4-7,391.06,1.75,0.52,0.013,1,4361.87,4359.82
3542,136,17-4-10,17-4-9,169.72,1.75,0.02,0.013,1,4362,4361.96
3553,136,17-4-22,17-4-10,281.81,1.75,0.3,0.013,1,4362.85,4362
3556,136,17-4-24,17-4-22,238.5,1.25,1.65,0.013,1,4369.6,4365.67
3570,136,17-4-36,17-4-24,272.68,1.25,1.4,0.013,1,4373.79,4369.96
3571,136,17-4-37,17-4-36,511.32,1.25,1.6,0.013,1,4382.3,4374.1
3572,136,17-4-38,17-4-37,34.07,1.25,0.206,0.013,1,4382.41,4382.34
3573,136,17-4-39,17-4-38,240.04,1.25,0.208,0.013,1,4382.96,4382.46
3574,136,17-4-40,17-4-39,72.63,1.25,0.08,0.013,1,4383.12,4383.06
3575,136,17-4-41,17-4-40,549.95,1.25,0.14,0.013,1,4383.98,4383.2
3576,136,20-3-36,17-4-41,79.27,1.25,0.126,0.013,1,4384.23,4384.13
3583,136,17-3-45,17-3-44,353.95,1.25,0.49,0.013,1,4366.93,4365.19
3586,136,17-4-46,17-4-47,377.8,1.25,0.81,0.013,1,4384.53,4381.48
3589,136,17-4-47,17-4-48,352.38,1.25,0.79,0.013,1,4381.45,4378.65
3590,136,17-4-48,17-4-49,397.12,1.25,0.83,0.013,1,4378.38,4375.1
3593,136,17-4-49,17-4-52,401.53,1.25,0.51,0.013,1,4374.9,4372.87
3596,136,17-4-52,17-4-53,397.74,1.25,0.493,0.013,1,4372.84,4370.88
3602,136,17-4-60,17-4-57,311,0.67,0.45,0.013,1,4358.74,4357.35
3627,136,20-4-40,20-2-1,464.16,2.75,0.15,0.013,1,4394.5,4393.81
3628,136,20-2-1,20-2-2,498.57,2.75,0.11,0.013,1,4393.5,4392.97
3629,136,20-2-2,20-2-3,499.73,2.75,0.51,0.013,1,4392.76,4390.21
3630,136,20-2-3,20-2-4,502.92,2.25,1.245,0.013,1,4390.16,4383.9
3631,136,20-2-4,20-2-5,503.54,2.25,0.91,0.013,1,4383.9,4379.32
3633,136,20-2-6,20-2-7,331.99,0.83,0.111,0.013,1,4396.79,4396.42
3634,136,20-2-7,20-2-8,163.43,0.83,0.202,0.013,1,4396.35,4396.02
3635,136,20-2-8,20-2-9,351.02,0.83,0.09,0.013,1,4395.69,4395.39
3636,136,20-2-9,20-2-10,403.2,0.67,0.05,0.013,1,4395.37,4395.15
3637,136,20-2-10,20-2-11,88.39,0.67,0.01,0.013,1,4395.11,4395.1
3638,136,20-2-11,20-2-12,20.09,0.67,0.95,0.013,1,4394.84,4394.65
3639,136,20-2-12,20-2-13,375.03,0.67,0.8,0.013,1,4394.63,4391.63
3640,136,20-2-13,20-2-14,395.98,0.67,0.33,0.013,1,4391.32,4390.01
3641,136,20-2-14,20-2-15,402.52,0.67,0.36,0.013,1,4389.85,4388.42
3642,136,20-2-15,20-2-16,399.9,0.67,1.77,0.013,1,4388.24,4381.15
3643,136,20-2-16,20-2-17,399.51,0.67,0.95,0.013,1,4380.95,4377.14
3690,136,20-3-39,20-3-36,377.65,1.75,0.204,0.013,1,4385.01,4384.24
3694,136,20-3-42,20-3-39,73.14,1.75,0.15,0.013,1,4385.17,4385.06
3695,136,20-3-43,20-3-42,183.99,1.75,0.125,0.013,1,4385.45,4385.22
3696,136,20-3-44,20-3-43,208.95,0.67,0.47,0.013,1,4387.93,4386.95
3697,136,21-2-54,20-3-44,347.6,0.67,0.4,0.013,1,4389.43,4388.03
3701,136,20-3-43.1,20-3-43,361.25,1.75,0.255,0.013,1,4386.42,4385.5
3702,136,20-3-48,20-3-68,296.87,1.75,0.967,0.013,1,4389.99,4387.12
3703,136,21-2-21,20-3-48,446.78,0.83,0.766,0.013,1,4395.71,4392.29
3731,136,20-3-68,20-3-43.1,72.34,1.75,0.636,0.013,1,4387.07,4386.61
3775,136,20-4-15,20-4-32.1,161.5,0.83,0.279,0.013,1,4411.8,4411.35
3776,136,20-4-41,20-4-32,410.41,2.75,0.244,0.013,1,4404.73,4403.73
3777,136,20-4-42,20-4-41,335.03,2.75,0.167,0.013,1,4405.29,4404.73
3778,136,20-4-43,20-4-42,105.19,2.75,0.285,0.013,1,4405.59,4405.29
3779,136,20-4-44,20-4-43,502.47,2.75,0.082,0.013,1,4406,4405.59
3780,136,20-4-45,20-4-44,140.09,2.75,0.35,0.013,1,4406.49,4406
3781,136,20-4-46,20-4-45,191.21,2.75,0.094,0.013,1,4406.67,4406.49
3783,136,20-4-48,20-4-47,443.33,2.75,0.124,0.013,1,4407.62,4407.07
3784,136,20-4-49,20-4-48,5.97,2.75,2,0.013,1,4407.74,4407.62
3785,136,20-4-50,20-4-49,297.45,2.75,0.087,0.013,1,4408,4407.74
3786,136,20-4-51,20-4-50,317.51,2.25,0.362,0.013,1,4409.15,4408
3789,136,21-1-25,20-4-51,256.48,2,2.363,0.013,1,4415.18,4409.15
3792,136,20-4-54,20-4-53.1,269.85,1.25,1.42,0.013,1,4421.26,4417.42
3793,136,20-4-55,20-4-54,343.71,1.25,1.81,0.013,1,4427.5,4421.29
3794,136,20-4-55.1,20-4-55,332.84,0.667,0.4,0.013,1,4429.681,4428.35
3795,136,20-4-55.2,20-4-55.1,66.87,0.667,0.4,0.013,1,4430.3,4430.032
3796,136,21-1-1,20-4-55.2,485.81,0.667,1.44,0.013,1,4437.31,4430.33
3797,136,20-4-56,20-4-55,63.08,1.25,2.44,0.013,1,4429.08,4427.54
3798,136,20-4-57,20-4-56,16.36,1.25,1.712,0.013,1,4429.42,4429.14
3799,136,20-4-57.1,20-4-57,34.35,1.25,1.31,0.013,1,4429.92,4429.47
3801,136,20-4-58,20-4-57.1,232.29,1.25,1.43,0.013,1,4433.29,4429.96
3802,136,20-4-59,20-4-58,65.83,1.25,1.58,0.013,1,4434.45,4433.41
3803,136,29-3-32,20-4-59,399.75,1.25,1.466,0.013,1,4440.4,4434.54
3804,136,20-4-32,20-4-33,196.31,3.25,0.143,0.013,1,4403.67,4403.39
3805,136,20-4-33,20-4-34,164.61,3.25,0.043,0.013,1,4403.36,4403.29
3806,136,20-4-34,20-4-35,401.09,3.25,0.052,0.013,1,4403.24,4403.03
3808,136,20-4-36,20-4-37,114.05,3,0.158,0.013,1,4402.95,4402.77
3809,136,20-4-37,20-4-38,220.76,3,0.58,0.013,1,4402.56,4401.29
3810,136,20-4-38,20-4-39,453.43,3,0.38,0.013,1,4401.05,4399.31
3811,136,20-4-39,20-4-40,136.4,2.5,3.03,0.013,1,4398.93,4394.8
3813,136,20-4-60,20-4-32,172.68,2.25,2.4,0.013,1,4413.19,4409.05
3814,136,20-4-61,20-4-60,304.9,2.25,1.39,0.013,1,4417.63,4413.4
3815,136,20-4-62,20-4-61,181.07,2.25,0.77,0.013,1,4419.52,4418.13
3816,136,20-4-63,20-4-62,453.71,2.25,1.18,0.013,1,4425.1,4419.74
3817,136,20-4-64,20-4-63,264.73,2.25,1.296,0.013,1,4428.57,4425.14
3818,136,20-4-65,20-4-64,150.13,2.25,0.187,0.013,1,4428.9,4428.62
3825,136,20-4-53.1,20-4-53,85.4,1.25,1.17,0.013,1,4417.39,4416.39
3830,136,21-1-2,21-1-1,214.44,0.667,0.681,0.013,1,4446.68,4445.22
3861,136,21-1-26,21-1-25,137.82,2,0.181,0.013,1,4415.55,4415.3
3862,136,21-1-27,21-1-26,459.75,2,0.516,0.013,1,4418.01,4415.64
3863,136,21-1-28,21-1-27,356.99,2,0.403,0.013,1,4419.48,4418.04
3878,136,21-1-39,21-1-28,287.93,2,0.372,0.013,1,4420.59,4419.52
3890,136,21-1-51,21-1-39,36.65,1.75,0.819,0.013,1,4421.04,4420.74
3893,136,21-1-53,21-1-51,243.77,1.75,1.022,0.013,1,4423.62,4421.13
3897,136,21-1-57,21-1-53,58.64,1.25,0.904,0.013,1,4425.22,4424.69
3898,136,21-1-58,21-1-57,219.94,1.25,0.22,0.013,1,4426.11,4425.62
3903,136,21-1-63,21-1-53.1,211.42,1.75,1.18,0.013,1,4426.77,4424.28
3904,136,21-1-64,21-1-63,200.26,1.75,0.874,0.013,1,4429.38,4427.63
3905,136,21-1-65,21-1-64,115.1,1.75,0.13,0.013,1,4429.53,4429.38
3906,136,21-4-42,21-1-65,420.14,1.75,0.76,0.013,1,4433.08,4429.89
3907,136,21-1-66,21-1-58,278.75,0.83,1.1,0.013,1,4429.49,4426.41
3908,136,21-1-67,21-1-66,305.63,0.83,1.22,0.013,1,4433.27,4429.55
3909,136,21-1-68,21-1-67,131.18,0.83,1.23,0.013,1,4435.08,4433.47
3911,136,21-1-70,21-1-68,133.17,0.83,2.185,0.013,1,4438.18,4435.27
3912,136,21-1-71,21-1-70,137.03,0.83,2.832,0.013,1,4442.15,4438.27
3913,136,21-1-72,21-1-71,135.5,0.83,0.753,0.013,1,4443.95,4442.93
3915,136,21-1-74,21-1-72,170.57,0.83,0.651,0.013,1,4445.13,4444.02
3916,136,21-1-75,21-1-74,243.79,0.83,0.751,0.013,1,4447.07,4445.24
3917,136,21-1-76,21-1-75,103.48,0.67,1.91,0.013,1,4449.18,4447.2
3918,136,21-1-77,21-1-76,453.69,0.67,1.75,0.013,1,4457.22,4449.26
3928,136,21-4-15,21-1-77,399.52,0.67,1.8,0.013,1,4467.26,4460.05
3953,136,21-2-20,21-2-21,394.06,0.83,0.726,0.013,1,4398.59,4395.73
3954,136,21-2-22,21-2-20,58.87,0.83,0.662,0.013,1,4399,4398.61
3955,136,21-2-23,21-2-22,452.64,0.83,0.77,0.013,1,4402.5,4399
3989,136,21-2-56,21-2-54,189.71,0.67,0.86,0.013,1,4391.1,4389.47
3990,136,21-2-57,21-2-56,230.33,0.67,0.02,0.013,1,4391.27,4390.5
3991,136,21-2-58,21-2-57,29.44,0.67,0.48,0.013,1,4392.12,4391.98
4004,136,21-2-58.1,21-2-58,82.95,0.67,0.374,0.013,1,4392.46,4392.15
4005,136,21-2-71,21-2-58.1,166.66,0.67,0.222,0.013,1,4392.88,4392.51
4006,136,21-2-72,21-2-71,348.68,0.67,0.433,0.013,1,4394.47,4392.96
4024,136,21-2-89,21-2-72,390.72,0.67,0.363,0.013,1,4396.01,4394.59
4025,136,21-2-90,21-2-89,153.17,0.67,0.385,0.013,1,4396.62,4396.03
4026,136,21-2-91,21-2-90,320.26,0.67,0.281,0.013,1,4397.68,4396.78
4032,136,21-2-94,21-2-91,192.79,0.67,0.534,0.013,1,4398.79,4397.76
4149,136,21-3-82,21-4-46,418.8,2,0.139,0.013,1,4444.4,4443.82
4150,136,21-3-83,21-3-82,107.72,2,0.195,0.013,1,4444.71,4444.5
4151,136,21-3-84,21-3-83,222.86,2,0.13,0.013,1,4445.04,4444.75
4153,136,21-3-85,21-3-84.1,207.89,1.5,2.18,0.013,1,4454.5,4449.96
4154,136,21-3-86,21-3-85,452.9,1.75,0.45,0.013,1,4456.55,4454.52
4155,136,21-3-87,21-3-86,200.76,1.75,0.51,0.013,1,4457.69,4456.66
4156,136,22-1-39,21-3-87,92.42,1.75,1.28,0.013,1,4459.27,4458.09
4157,136,28-2-70,21-4-1,396.15,0.67,3.84,0.013,1,4508.16,4492.94
4158,136,21-4-1,21-4-2,473.94,0.67,0.42,0.013,1,4492.92,4490.93
4160,136,21-4-2,21-4-3,19.09,0.67,0.419,0.013,1,4490.87,4490.79
4161,136,21-4-3,21-4-4,463.85,0.667,0.321,0.013,1,4490.78,4489.29
4162,136,21-4-5,21-4-4,112.32,0.667,1.095,0.013,1,4490.52,4489.29
4163,136,28-3-63,21-4-5,370,0.667,4.376,0.013,1,4506.74,4490.55
4175,136,21-4-16,21-4-15,404.48,0.67,1.72,0.013,1,4474.22,4467.27
4176,136,21-4-17,21-4-16,287.23,0.67,2.3,0.013,1,4480.9,4474.3
4177,136,21-4-4,21-4-17,325.32,0.667,2.521,0.013,1,4489.24,4481.04
4203,136,21-4-43,21-4-42,220.14,1.75,0.495,0.013,1,4434.22,4433.13
4204,136,21-4-44,21-4-43,511.83,2,0.24,0.013,1,4435.74,4434.53
4205,136,21-4-45,21-4-44,24.03,2,21.18,0.013,1,4442.77,4437.68
4206,136,21-4-46,21-4-45,75.45,2,0.239,0.013,1,4443.77,4443.59
4236,136,21-4-95,21-4-94,345.61,1.25,1.61,0.013,1,4465.23,4459.65
4237,136,21-4-96,21-4-95,249.87,1.25,2.3,0.013,1,4471.08,4465.33
4239,136,21-4-97,21-4-96,156.98,1.25,2.24,0.013,1,4474.6,4471.08
4240,136,21-4-98,21-4-97,345.92,1.25,3.02,0.013,1,4485.68,4475.24
4242,136,21-4-99,21-4-98,236.66,1.25,2.84,0.013,1,4492.44,4485.71
4244,136,21-4-100,21-4-99,163.2,1.25,2.98,0.013,1,4497.38,4492.52
4245,136,21-4-101,21-4-100,101.75,1.25,1.73,0.013,1,4499.15,4497.39
4246,136,21-4-102,21-4-101,247,1.25,1.85,0.013,1,4503.83,4499.26
4247,136,21-4-103,21-4-102,349.62,1.25,1.7,0.013,1,4509.84,4503.89
4248,136,27-2-7,21-4-103,359.06,1.25,1.21,0.013,1,4514.29,4509.94
4287,136,22-1-40,22-1-39,274.24,1.75,0.96,0.013,1,4461.98,4459.36
4288,136,22-2-1,22-1-40,169.48,2,0.61,0.013,1,4463.16,4462.12
4351,136,22-2-22,22-2-3.1,288.49,2,1.227,0.013,1,4468.35,4464.81
4352,136,22-2-23,22-2-22,184.67,2,1.462,0.013,1,4471.39,4468.69
4353,136,22-2-24,22-2-23,88.26,2,1.371,0.013,1,4472.94,4471.73
4354,136,22-2-25,22-2-24,248.7,2,2.199,0.013,1,4479,4473.53
4355,136,22-2-26,22-2-25,338.95,2,0.935,0.013,1,4482.5,4479.33
4356,136,22-2-27,22-2-26,227.69,2,0.316,0.013,1,4483.64,4482.92
4357,136,22-2-28,22-2-27,213.63,2,2.79,0.013,1,4489.79,4483.83
4358,136,22-2-29,22-2-28,90.88,2,0.429,0.013,1,4490.57,4490.18
4359,136,22-2-30,22-2-29,16.57,2,21.364,0.013,1,4494.24,4490.7
4360,136,22-2-31,22-2-30,318.57,2,2.075,0.013,1,4500.89,4494.28
4361,136,22-2-32,22-2-31,509.34,2,0.62,0.013,1,4504.06,4500.9
4362,136,22-2-32.1,22-2-32,172.28,1.5,2.76,0.013,1,4511.13,4506.38
4363,136,22-3-34,22-2-32.1,46.46,1.5,1.08,0.013,1,4511.7,4511.2
4366,136,22-3-4,22-3-5,5.61,0.67,0.713,0.013,1,4505.44,4505.4
4409,136,22-4-79,22-3-1,380.5,0.67,1.29,0.013,1,4530.16,4525.25
4410,136,22-3-1,22-3-2,420.38,0.67,1.42,0.013,1,4525.21,4519.23
4411,136,22-3-2,22-3-3,388.49,0.67,2.78,0.013,1,4519.14,4508.33
4412,136,22-3-3,22-3-4,175.9,0.67,1.61,0.013,1,4508.3,4505.46
4444,136,22-3-35,22-3-34,289.18,1.25,3.7,0.013,1,4522.43,4511.73
4445,136,22-3-36,22-3-35,400.02,1.25,3.445,0.013,1,4537.12,4523.34
4446,136,22-3-37,22-3-36,250.02,1.25,7.563,0.013,1,4556.05,4537.14
4447,136,22-3-38,22-3-37,199.71,1.25,0.971,0.013,1,4558.21,4556.27
4448,136,22-3-39,22-3-38,214.84,1.25,1.01,0.013,1,4560.43,4558.25
4449,136,22-3-40,22-3-39,300.8,1.25,3.22,0.013,1,4570.16,4560.47
4451,136,22-3-42,22-3-41,363.1,1.25,2.6,0.013,1,4581.76,4572.31
4452,136,22-3-43,22-3-42,386.59,1.25,4.64,0.013,1,4601.6,4583.66
4480,136,22-3-43.1,22-3-43,42.26,1.25,0.71,0.013,1,4602.25,4601.95
4532,136,22-4-15,22-4-46,40.26,0.67,2.93,0.013,1,4556.74,4555.56
4533,136,22-4-46,22-4-47,342.73,0.67,2.28,0.013,1,4555.54,4547.73
4534,136,22-4-47,22-4-48,351.34,0.67,2.34,0.013,1,4547.73,4539.5
4535,136,22-4-48,22-4-49,42.85,0.67,1.87,0.013,1,4539.4,4538.6
4569,136,22-4-49,22-4-79,357.33,0.67,2.33,0.013,1,4538.51,4530.2
4588,136,23-1-75,23-1-75.1,51.52,1,1.51,0.013,1,4632.72,4631.94
4589,136,23-1-75.1,23-1-75.2,31.97,1,0.03,0.013,1,4631.9,4631.89
4590,136,23-1-75.2,23-1-75.3,394.42,1,0.83,0.013,1,4631.68,4628.41
4591,136,23-1-75.3,23-1-75.4,208.88,1.25,0.25,0.013,1,4628.28,4627.75
4592,136,23-1-75.4,23-1-75.5,219.27,1.25,0.26,0.013,1,4627.53,4626.95
4593,136,23-1-75.5,23-1-75.6,138.56,1.25,0.27,0.013,1,4626.59,4626.21
4595,136,23-1-75.6,23-1-75.8,139.16,1.25,0.03,0.013,1,4626.07,4626.03
4597,136,23-1-75.9,23-1-75.10,219.43,1.25,0.27,0.013,1,4623.97,4623.38
4598,136,23-1-75.10,23-1-75.11,235.94,1.25,0.25,0.013,1,4623.24,4622.65
4599,136,23-1-75.11,23-1-75.12,250.93,1.25,0.31,0.013,1,4622.3,4621.52
4600,136,23-1-75.12,23-1-75.13,300.81,1.25,0.22,0.013,1,4621.23,4620.56
4602,136,23-1-75.13,23-1-75.14,208.33,1.25,1.046,0.013,1,4620.54,4618.36
4603,136,23-1-75.14,23-1-75.15,394.43,1,2.865,0.013,1,4618.34,4607.04
4604,136,23-1-75.15,22-3-44,48.67,1.25,1.13,0.013,1,4606.19,4605.64
4684,136,26-2-94,23-1-36,413.96,1.25,1.029,0.013,1,4807.95,4803.69
4686,136,23-1-36,23-1-37,292.79,1,0.782,0.013,1,4803.64,4801.35
4687,136,23-1-37,23-1-38,304.44,0.83,2.28,0.013,1,4801.22,4794.29
4688,136,23-1-38,23-1-39,323.02,0.83,6.77,0.013,1,4794.23,4772.35
4711,136,23-1-39,23-1-62,194.22,0.83,10.32,0.013,1,4772.19,4752.14
4721,136,23-1-62,23-1-72,322.69,0.67,9.5,0.013,1,4751.99,4721.33
4723,136,23-1-73,23-1-74,398.68,0.67,8.435,0.013,1,4685.77,4652.14
4724,136,23-1-74,23-1-75,270.33,0.83,6.28,0.013,1,4652.11,4635.13
4725,136,23-1-77,23-1-75,48.37,0.67,0.414,0.013,1,4632.96,4632.76
4733,136,23-2-6,23-1-83,505.72,0.67,0.392,0.013,1,4636.22,4634.24
4745,136,23-1-75.8,23-1-75.9,196.59,1.25,0.31,0.013,1,4624.98,4624.37
4752,136,23-1-72,23-1-73,355.4,0.67,9.935,0.013,1,4721.29,4685.98
4780,136,23-2-7,23-2-6,14,0.67,0.214,0.013,1,4636.3,4636.27
4781,136,23-2-8,23-2-7,148.56,0.67,0.397,0.013,1,4636.91,4636.32
4783,136,23-2-10,23-2-9,204.31,0.67,0.362,0.013,1,4639.09,4638.35
4784,136,23-2-11,23-2-10,279.2,0.67,1.805,0.013,1,4644.48,4639.44
4924,136,25-2-6,26-3-84,279.39,0.67,0.813,0.013,1,4860.32,4858.05
4925,136,25-2-7,25-2-6,356.22,0.67,2.47,0.013,1,4869.15,4860.34
4936,136,25-2-17,25-2-7,75.14,0.83,1.9,0.013,1,4870.75,4869.32
4937,136,25-2-18,25-2-17,60.96,0.83,1.657,0.013,1,4875.46,4874.45
4938,136,25-2-19,25-2-18,392.3,0.83,0.844,0.013,1,4878.88,4875.57
4939,136,25-2-20,25-2-19,288.73,0.83,0.551,0.013,1,4880.65,4879.06
4944,136,25-2-25,25-2-20,210.98,0.83,0.602,0.013,1,4882.03,4880.76
4948,136,25-2-26,25-2-25,336.13,0.67,4.63,0.013,1,4897.69,4882.13
4949,136,25-2-27,25-2-26,113.26,0.67,4.9,0.013,1,4903.39,4897.84
4950,136,25-2-28,25-2-27,182.61,0.67,4.644,0.013,1,4912.2,4903.72
4951,136,25-2-29,25-2-28,299.32,0.67,7.15,0.013,1,4933.71,4912.31
4952,136,25-2-30,25-2-29,328.69,0.67,6.97,0.013,1,4956.62,4933.72
4953,136,25-2-31,25-2-30,64.67,0.67,13.62,0.013,1,4965.57,4956.76
4954,136,25-2-32,25-2-31,95.93,0.67,26.19,0.013,1,4990.87,4965.75
4963,136,25-2-39,25-2-26,333.47,0.83,5.7,0.013,1,4916.84,4897.82
4964,136,25-2-40,25-2-39,256.89,0.83,4.84,0.013,1,4929.35,4916.92
4965,136,25-2-41,25-2-40,267.92,0.83,5.3,0.013,1,4943.75,4929.55
4966,136,25-2-42,25-2-41,274.43,0.83,3.52,0.013,1,4953.57,4943.92
5029,136,27-4-49,26-1-43,338.88,0.83,4.34,0.013,1,4814.72,4800
5030,136,26-1-43,26-1-44,421.66,0.83,0.28,0.013,1,4799.19,4798.03
5031,136,26-1-44,26-1-45,351.57,0.83,0.33,0.013,1,4797.72,4796.56
5032,136,26-1-45,26-1-46,124.59,0.83,0.714,0.013,1,4796.54,4795.65
5033,136,26-1-46,26-2-1,226.38,0.83,0.155,0.013,1,4795.62,4795.27
5034,136,26-1-47,26-1-46,284.31,0.67,1.738,0.013,1,4801.44,4796.5
5078,136,26-1-88,26-1-47,254.08,0.67,2.637,0.013,1,4808.27,4801.57
5080,136,26-1-90,26-1-88,461.16,0.67,2.77,0.013,1,4821.18,4808.41
5081,136,26-1-91,26-1-90,429.36,0.67,3.34,0.013,1,4835.61,4821.26
5082,136,26-1-92,26-1-91,123.06,0.67,3.12,0.013,1,4839.86,4836.02
5083,136,26-1-93,26-1-92,328.63,0.67,3.216,0.013,1,4850.53,4839.96
5084,136,26-1-94,26-1-93,427.16,0.67,6.67,0.013,1,4879.19,4850.69
5085,136,26-1-95,26-1-94,204.27,0.67,3.97,0.013,1,4887.29,4879.19
5086,136,26-1-96,26-1-95,250.63,0.67,4.18,0.013,1,4897.84,4887.36
5098,136,26-2-1,26-2-2,254.76,0.83,0.4,0.013,1,4795.24,4794.22
5107,136,26-2-2,26-2-11,293.89,0.83,1.017,0.013,1,4794.19,4791.2
5112,136,26-2-11,26-2-16,250.27,0.83,1.107,0.013,1,4791.11,4788.34
5117,136,26-2-16,26-2-21,48.86,0.83,2.824,0.013,1,4788.32,4786.94
5118,136,26-2-21,26-2-22,301.7,0.83,0.8,0.013,1,4786.84,4784.43
5119,136,26-2-22,26-2-23,349.23,0.83,0.33,0.013,1,4784.13,4782.98
5120,136,26-2-23,26-2-24,287.81,0.83,1.22,0.013,1,4782.97,4779.45
5125,136,26-2-28,26-2-29,353.81,0.83,0.4,0.013,1,4776.92,4775.51
5126,136,26-2-29,27-3-105,270.11,0.83,4.08,0.013,1,4775.47,4764.46
5127,136,26-2-30,26-2-29,276.35,0.67,1.23,0.013,1,4778.91,4775.51
5129,136,26-2-32,26-2-30,104.87,0.67,1.59,0.013,1,4780.67,4779
5130,136,26-2-33,26-2-32,151.77,0.67,1.423,0.013,1,4782.94,4780.78
5134,136,26-2-37,26-2-33,251.85,0.67,1.175,0.013,1,4785.94,4782.98
5137,136,26-2-39,26-2-37,62.41,0.67,0.4,0.013,1,4786.34,4786.09
5193,136,26-2-95,26-2-94,29.8,1.25,1.107,0.013,1,4808.55,4808.22
5194,136,26-2-96,26-2-95,216.57,1.25,2.129,0.013,1,4813.19,4808.58
5198,136,26-3-1,26-2-99,97.92,1.25,1.91,0.013,1,4822.35,4820.48
5200,136,26-3-3,26-3-1,253.13,1.25,2.07,0.013,1,4827.69,4822.45
5205,136,26-3-4,26-3-3,78.73,1.25,1.169,0.013,1,4828.64,4827.72
5224,136,26-3-23,26-3-4,290.35,1.25,1.54,0.013,1,4833.43,4828.95
5225,136,26-3-24,26-3-23,332.54,1.25,1.35,0.013,1,4838.09,4833.6
5226,136,26-3-25,26-3-24,165.13,1.25,1.411,0.013,1,4840.72,4838.39
5272,136,26-3-70,26-3-25,15.26,1.25,2.163,0.013,1,4841.21,4840.88
5273,136,26-3-71,26-3-70,380.67,1.25,1.47,0.013,1,4846.8,4841.22
5274,136,26-3-72,26-3-71,34.38,0.67,1.98,0.013,1,4847.62,4846.94
5275,136,26-3-73,26-3-72,238.67,0.67,1.47,0.013,1,4851.19,4847.68
5283,136,11-2-36,11-2-81,265.46,0.83,3.61,0.013,1,5104.83,5095.26
5284,136,11-2-81,11-2-31,133,0.83,3.43,0.013,1,5095.15,5090.59
5289,136,26-3-74,26-3-73.1,21.81,1.25,0.55,0.013,1,4855.24,4855.12
5290,136,26-3-75,26-3-74,287.01,1,0.146,0.013,1,4855.69,4855.27
5297,136,26-3-83,26-3-76,113.28,1,0.097,0.013,1,4855.99,4855.88
5298,136,26-3-84,26-3-83,157.42,0.67,1.207,0.013,1,4858,4856.1
5308,136,26-3-73.1,26-3-73.5,136.12,1,0.147,0.013,1,4855.06,4854.86
5397,136,27-1-52,28-4-36.2,174.31,0.67,1.15,0.013,1,4582.54,4580.54
5476,136,27-1-45,27-2-118,272.58,0.83,7.92,0.013,1,4765,4743.42
5477,136,27-1-46,27-1-45,304.63,0.83,2.51,0.013,1,4772.68,4765.02
5478,136,27-1-47,27-1-46,81.45,1,0.282,0.013,1,4772.98,4772.75
5480,136,27-1-48,27-1-47.1,230.3,1,0.443,0.013,1,4774.33,4773.31
5482,136,27-1-49,27-1-48,34.54,1,0.376,0.013,1,4774.54,4774.41
5484,136,27-1-51,27-1-49,476.92,1,0.85,0.013,1,4778.61,4774.56
5485,136,27-4-24,27-1-51,207.75,1,0.47,0.013,1,4779.61,4778.64
5489,136,27-2-3,27-2-4,383.22,0.67,4.48,0.013,1,4565.13,4547.98
5490,136,27-2-4,27-2-5,298.04,0.67,3.6,0.013,1,4547.91,4537.18
5491,136,27-2-5,27-2-6,350.09,0.67,3.7,0.013,1,4537.15,4524.2
5492,136,27-2-6,27-2-7,382.24,0.67,2.44,0.013,1,4524.16,4514.83
5543,136,27-2-54,27-2-7,401.83,1,2.24,0.013,1,4523.37,4514.35
5544,136,27-2-55,27-2-54,73.98,1,2.19,0.013,1,4525.19,4523.57
5558,136,27-2-69,27-2-69.1,249.23,1,2.91,0.013,1,4539.48,4532.22
5559,136,27-2-70,27-2-69,188.46,1,3.45,0.013,1,4546.11,4539.6
5560,136,27-2-71,27-2-70,350.26,1,3.77,0.013,1,4559.31,4546.12
5611,136,27-2-101,27-2-71,49.99,1,3.9,0.013,1,4561.37,4559.42
5612,136,27-2-102,27-2-101,396.8,1,2.17,0.013,1,4570.09,4561.47
5614,136,27-2-104,27-2-103,313.9,1,4.45,0.013,1,4592.17,4578.2
5615,136,27-3-87,27-2-104,331.82,0.83,4.38,0.013,1,4606.75,4592.22
5616,136,27-2-105,27-2-104,365.85,0.83,4.02,0.013,1,4607.02,4592.32
5617,136,27-2-106,27-2-105,351.34,0.83,1.95,0.013,1,4613.87,4607.03
5618,136,27-2-107,27-2-106,137.74,0.83,4.06,0.013,1,4619.48,4613.89
5619,136,27-2-108,27-2-107,127.18,0.83,3.87,0.013,1,4624.55,4619.63
5622,136,27-2-109,27-2-108,37.46,0.83,4.62,0.013,1,4626.28,4624.55
5623,136,27-2-110,27-2-109,235.8,0.83,7.15,0.013,1,4643.27,4626.4
5625,136,27-2-111,27-2-110,113.84,0.83,6.64,0.013,1,4650.95,4643.39
5626,136,27-2-112,27-2-111,127.01,0.83,6.716,0.013,1,4660,4651.47
5628,136,27-2-113,27-2-112,268.48,0.83,6.805,0.013,1,4678.43,4660.16
5629,136,27-2-114,27-2-113,236.57,0.83,8.71,0.013,1,4699.12,4678.52
5631,136,27-2-115,27-2-114,115.56,0.83,8.68,0.013,1,4709.3,4699.27
5632,136,27-2-116,27-2-115,132.79,0.83,8.95,0.013,1,4721.26,4709.38
5634,136,27-2-117,27-2-116,212.65,0.83,9.11,0.013,1,4740.72,4721.35
5635,136,27-2-118,27-2-117,30.19,0.83,7.25,0.013,1,4743.18,4740.99
5744,136,27-3-88,27-3-87,404.05,0.83,4.99,0.013,1,4626.95,4606.77
5745,136,27-3-89,27-3-88,302.35,0.83,5.24,0.013,1,4642.81,4626.97
5758,136,27-3-102,27-3-90,223.83,0.83,7.46,0.013,1,4668.83,4652.14
5759,136,27-3-103,27-3-102,347.79,0.83,9.04,0.013,1,4700.43,4668.99
5760,136,27-3-104,27-3-103,350.53,0.83,9.97,0.013,1,4735.74,4700.8
5761,136,27-3-105,27-3-104,294.67,0.83,9.43,0.013,1,4764.34,4736.55
5789,136,27-4-25,27-4-24,554.81,1,0.43,0.013,1,4782.04,4779.68
5795,136,27-4-29,27-4-25,190.69,1,0.341,0.013,1,4782.73,4782.08
5797,136,27-4-31,27-4-29,114.84,1,0.418,0.013,1,4783.31,4782.83
5798,136,27-4-32,27-4-31,367.79,1,0.326,0.013,1,4784.53,4783.33
5799,136,27-4-33,27-4-32,301.8,1,2.79,0.013,1,4793.13,4784.7
5800,136,27-4-34,27-4-33,162.85,1,3.71,0.013,1,4799.2,4793.16
5805,136,27-4-37,27-4-34,236.25,0.83,4.79,0.013,1,4810.52,4799.2
5806,136,27-4-38,27-4-37,350.16,0.83,4.71,0.013,1,4827.03,4810.54
5807,136,27-4-39,27-4-38,203.72,0.83,4.97,0.013,1,4837.23,4827.1
5808,136,35-2-76,34-3-87,407.39,0.83,4.33,0.013,1,4868.24,4850.6
5875,136,28-1-30,28-1-21,220.76,1.25,0.7,0.013,1,4485.77,4484.23
5878,136,28-1-33,28-1-31,90.69,1.25,1.2,0.013,1,4490,4488.91
5882,136,28-1-37,28-1-33,304.84,1.25,1.35,0.013,1,4494.14,4490.03
5883,136,28-1-38,28-1-37,133.93,1.25,1.053,0.013,1,4495.63,4494.22
5895,136,28-1-49,28-1-38,209.31,1.25,1.29,0.013,1,4498.54,4495.84
5899,136,28-1-53,28-1-50,103.57,1.25,1.4,0.013,1,4500.8,4499.35
5901,136,28-1-55,28-1-53,19.73,1.25,1.37,0.013,1,4501.08,4500.81
5902,136,28-1-56,28-1-55,282.95,1.25,1.64,0.013,1,4505.74,4501.09
5906,136,28-1-60,28-1-56,104.31,1.25,1.9,0.013,1,4507.84,4505.86
5912,136,28-1-66,28-1-60,501.76,1.25,1.76,0.013,1,4516.92,4508.08
5921,136,28-1-74,28-1-66,17.92,1.25,1.06,0.013,1,4517.15,4516.96
5922,136,28-1-75,28-1-74,21.67,1.25,1.569,0.013,1,4517.56,4517.22
5924,136,28-1-77,28-1-75,182.01,1.25,1.89,0.013,1,4521.16,4517.72
5925,136,28-4-12,28-1-77,163.45,1.25,1.69,0.013,1,4524.12,4521.36
5992,136,28-2-58,28-2-59,199.76,0.67,1.53,0.013,1,4527,4523.94
5996,136,28-2-63,28-2-64,208.83,0.67,1.44,0.013,1,4522.54,4519.53
5997,136,28-2-59,28-2-63,102.7,0.67,1.1,0.013,1,4523.7,4522.57
6001,136,28-2-64,28-2-68,148.67,0.67,1.29,0.013,1,4519.53,4517.61
6003,136,28-2-69,28-2-70,187.2,0.67,2.36,0.013,1,4513.66,4509.25
603,136,3-1-14,3-1-13.1,96.59,1,1.05,0.013,1,4836.14,4835.13
6050,136,28-3-21,28-3-22,12.69,0.667,2.285,0.013,1,4523.79,4523.5
6082,136,28-3-22,28-3-54,219.72,0.667,1.293,0.013,1,4523.55,4520.71
6084,136,28-3-54,28-3-54.1,163.68,0.667,1.259,0.013,1,4520.68,4518.62
6085,136,28-3-54.1,28-3-56,143.27,0.667,1.354,0.013,1,4518.59,4516.65
6090,136,28-3-56,28-3-61,256.04,0.667,1.211,0.013,1,4516.52,4513.42
6091,136,28-3-61,28-3-62,397.19,0.667,1.365,0.013,1,4513.4,4507.98
6092,136,28-3-62,28-3-63,31.49,0.667,3.811,0.013,1,4507.96,4506.76
6137,136,28-4-10,28-4-11,147.1,1.25,1.693,0.013,1,4530.33,4527.84
6138,136,28-4-11,28-4-12,197.78,1.25,1.81,0.013,1,4527.83,4524.26
6140,136,28-4-13,28-4-10,45.46,1.25,1.69,0.013,1,4531.32,4530.55
6141,136,28-4-14,28-4-13,158.5,1.25,1.97,0.013,1,4534.5,4531.37
6142,136,28-4-15,28-4-14,418.05,1.25,1.82,0.013,1,4542.15,4534.54
6145,136,28-4-18,28-4-15,113.03,1,2.875,0.013,1,4546.42,4543.17
6146,136,28-4-19,28-4-18,266.94,1,2.222,0.013,1,4552.41,4546.48
6147,136,28-4-20,28-4-19,196.57,1,1.185,0.013,1,4554.84,4552.51
6148,136,33-3-34,28-4-20,296.94,1,0.61,0.013,1,4556.73,4554.92
6150,136,28-4-22,28-4-21,365.78,1.25,2.25,0.013,1,4556.51,4548.27
6151,136,33-3-50,28-4-22,358.27,1.25,1.68,0.013,1,4562.57,4556.55
6152,136,28-4-23,28-4-21,77.8,0.67,0.72,0.013,1,4549.98,4549.42
6153,136,28-4-24,28-4-23,220.93,0.67,0.35,0.013,1,4550.75,4549.98
6154,136,28-4-25,28-4-24,324.1,0.67,0.66,0.013,1,4553.33,4551.19
6155,136,28-4-36.2,28-4-36,60.72,0.67,0.46,0.013,1,4580.31,4580.03
6157,136,28-4-26,28-4-25,199.17,0.67,0.668,0.013,1,4554.76,4553.43
6161,136,28-4-30,28-4-26,146.61,0.67,2.34,0.013,1,4558.34,4554.91
6162,136,28-4-31,28-4-30,165.37,0.67,0.925,0.013,1,4560.01,4558.48
6163,136,28-4-32,28-4-31,340.05,0.67,0.888,0.013,1,4563.07,4560.05
6164,136,28-4-33,28-4-32,170.71,0.67,0.9,0.013,1,4564.81,4563.28
6165,136,28-4-34,28-4-33,227.85,0.67,1.39,0.013,1,4568.13,4564.96
6167,136,28-4-36,28-4-35,471.31,0.67,1.51,0.013,1,4579.88,4572.74
619,136,3-1-30,4-3-62,184.92,0.83,2.04,0.013,1,4765.73,4761.96
6204,136,29-3-2,29-3-3,329.52,1,1.621,0.013,1,4478.79,4473.45
6205,136,29-3-3,29-3-4,18.17,1,0.771,0.013,1,4473.39,4473.25
6208,136,29-3-4,29-3-7,384.67,1,2.86,0.013,1,4473.23,4462.22
6209,136,29-3-7,29-3-8,138.67,1,3.1,0.013,1,4460.97,4456.67
621,136,3-1-32,3-1-30,62.13,0.83,1.481,0.013,1,4766.73,4765.81
6213,136,29-3-8,29-3-12,88.7,1,2.58,0.013,1,4456.65,4454.36
6214,136,29-3-12,29-3-13,217.42,1.25,0.064,0.013,1,4454.13,4453.99
622,136,3-1-33,3-1-32,310.34,0.83,1.737,0.013,1,4772.32,4766.93
6224,136,29-3-13,29-3-22,208.58,1.25,0.34,0.013,1,4453.93,4453.22
623,136,3-1-34,3-1-33,56.84,0.67,1.337,0.013,1,4773.17,4772.41
6231,136,29-3-28,29-3-29.1,152.3,1.25,1.13,0.013,1,4451.41,4449.69
6232,136,29-3-29,29-3-30,218.8,1.25,1.1,0.013,1,4447.54,4445.13
6233,136,29-3-30,29-3-31,165.17,1.25,1.18,0.013,1,4444.98,4443.03
6234,136,29-3-31,29-3-32,207.62,1.25,1.233,0.013,1,4442.99,4440.43
6237,136,29-3-33,29-3-34,349.11,1.25,1.81,0.013,1,4483.85,4477.52
6238,136,29-3-34,29-3-35,217.43,1.25,1.99,0.013,1,4477.3,4472.97
6239,136,29-3-35,29-3-36,192.89,1.25,2.19,0.013,1,4472.95,4468.72
6240,138,29-3-36,29-3-37,212.07,1.25,2.32,0.013,1,4468.71,4463.79
6241,138,29-3-37,29-3-38,64.53,1.25,0.682,0.013,1,4463.21,4462.77
6242,138,29-3-38,29-3-39,89.82,1.25,1.982,0.013,1,4462.75,4460.97
6243,136,29-3-39,29-3-40,55.46,1.25,10.21,0.013,1,4460.56,4454.9
6244,136,29-3-40,29-3-41,439.79,2.5,1.551,0.013,1,4453.85,4447.03
6245,136,29-3-41,29-3-42,186.62,2.5,1.61,0.013,1,4447.01,4444
6246,136,29-3-42,29-3-43,239.11,2.25,2.07,0.013,1,4443.86,4438.91
6247,136,29-3-43,29-3-44,251.64,2.25,0.78,0.013,1,4438.79,4436.83
6248,136,29-3-44,29-3-45,129.92,2.25,0.631,0.013,1,4436.83,4436.01
6251,136,29-3-45,29-3-48,103.57,2.25,0.811,0.013,1,4435.99,4435.15
626,136,3-1-37,3-1-34,290.64,0.83,1.239,0.013,1,4776.81,4773.21
6260,136,29-3-48,29-3-51,444,2.25,0.73,0.013,1,4434.92,4431.69
6261,136,29-3-51,29-3-52,179.37,2.25,0.65,0.013,1,4431.69,4430.52
6267,136,29-3-29.1,29-3-29,169.06,1.25,1.21,0.013,1,4449.61,4447.56
628,136,3-1-39,3-1-37,242.31,0.83,3.35,0.013,1,4786.05,4777.93
629,136,3-1-40,3-1-39,50.79,0.67,0.57,0.013,1,4786.8,4786.51
6291,136,29-4-21,29-4-20,345.35,1.25,1.5,0.013,1,4500.9,4495.71
6292,136,29-4-22,29-4-21,348.53,1.25,1.51,0.013,1,4506.22,4500.97
6293,136,29-4-23,29-4-22,302.13,1.25,1.6,0.013,1,4511.06,4506.22
6294,136,29-4-24,29-4-23,292.22,1.25,1.43,0.013,1,4515.26,4511.09
6296,136,29-4-26,29-4-25,168.48,1.25,6.47,0.013,1,4527.17,4516.27
6297,136,29-4-27,29-4-26,503.47,1.25,3.54,0.013,1,4545.11,4527.29
6298,136,29-4-28,29-4-27,235.06,1.25,0.08,0.013,1,4545.4,4545.21
6299,136,29-4-29,29-4-28,24.72,1.25,0.49,0.013,1,4545.56,4545.44
6300,136,29-4-30,29-4-29,289.67,1.25,0.37,0.013,1,4546.71,4545.64
6301,136,32-3-1,29-4-30,284.42,1.25,0.25,0.013,1,4547.45,4546.73
6302,136,29-4-20,29-4-31,531.5,1.25,0.27,0.013,1,4495.37,4493.93
6303,136,29-4-31,29-4-32,296.64,1.25,0.32,0.013,1,4493.91,4492.95
6304,136,29-4-32,29-4-33,311.48,1.25,0.27,0.013,1,4492.92,4492.09
6305,136,29-4-33,29-4-34,351.6,1.25,0.247,0.013,1,4491.97,4491.1
6307,136,29-4-34,29-4-35,58.46,1.25,0.103,0.013,1,4491.05,4490.99
6308,136,29-4-35,29-4-36,240.58,1.25,0.449,0.013,1,4490.96,4489.88
6309,136,29-4-36,29-4-37,162.8,1.25,0.1,0.013,1,4489.86,4489.7
631,136,3-1-42,3-1-40,290.77,0.83,1.01,0.013,1,4789.82,4786.88
6310,136,29-4-37,29-4-37.1,31.61,1.25,0.38,0.013,1,4489.65,4489.53
6311,136,29-4-37.1,29-4-37.2,77.92,1.25,0.44,0.013,1,4489.44,4489.1
6312,136,29-4-37.2,29-4-37.3,63.5,1.25,0.3,0.013,1,4489.09,4488.9
6313,136,29-4-37.3,29-4-38,75.02,1.25,0.11,0.013,1,4488.88,4488.8
6314,136,29-4-38,29-4-39,186.38,1.25,1.81,0.013,1,4488.67,4485.3
6315,136,29-4-40A,29-4-39,20.69,1.5,4.2,0.013,1,4488.08,4487.21
6315A,138,29-4-40,29-4-40A,,,,,,,
6318,136,29-4-41,29-4-40,179.8,1.5,5.22,0.013,1,4497.53,4488.14
6319,136,29-4-42,29-4-41,158.33,1.5,4.39,0.013,1,4504.48,4497.53
6320,136,29-4-43,29-4-42,32.96,1.5,4.278,0.013,1,4506.36,4504.95
6321,136,29-4-44,29-4-43,115.54,1.5,5.574,0.013,1,4513.13,4506.69
6322,136,29-4-45,29-4-44,249.41,2,0.345,0.013,1,4514.27,4513.41
6323,136,29-4-46,29-4-45,273,2,0.407,0.013,1,4515.5,4514.39
6324,136,29-4-47,29-4-46,152.9,1.5,0.51,0.013,1,4516.58,4515.8
6325,136,29-4-48,29-4-47,219.48,1.5,0.952,0.013,1,4518.74,4516.65
6326,136,29-4-49,29-4-48,169.3,1.5,0.73,0.013,1,4519.98,4518.75
6327,136,29-4-50,29-4-49,77.9,1.5,1.374,0.013,1,4521.79,4520.72
6328,136,29-4-51,29-4-50,278.21,1.5,2.455,0.013,1,4529.62,4522.79
6329,136,29-4-52,29-4-51,97.12,1.5,10.08,0.013,1,4539.67,4529.88
6330,136,29-4-53,29-4-52,176.84,1.5,2.05,0.013,1,4543.44,4539.82
6331,136,29-4-54,29-4-53,251.2,1.75,0.66,0.013,1,4545.12,4543.45
6332,136,29-4-55,29-4-54,53.41,1.75,0.6,0.013,1,4545.52,4545.2
6333,136,29-4-56,29-4-55,24.35,1.75,0.7,0.013,1,4545.73,4545.56
6334,136,29-4-57,29-4-56,263.49,1.75,0.19,0.013,1,4546.34,4545.83
6335,136,29-4-58,29-4-57,276.13,1.75,0.2,0.013,1,4546.94,4546.39
6336,136,32-3-14,29-4-58,44.38,1.75,0.113,0.013,1,4547.04,4546.99
635,136,3-1-46,3-1-42,106.21,0.83,1.05,0.013,1,4791.1,4789.99
636,136,3-1-47,3-1-46,146.48,0.83,1.891,0.013,1,4793.99,4791.22
6365,136,32-3-2,32-3-1,363.91,1.25,0.24,0.013,1,4548.49,4547.61
6366,136,32-3-3,32-3-2,398.75,1.25,0.3,0.013,1,4549.72,4548.54
6367,136,32-3-4,32-3-3,318.6,1.25,0.14,0.013,1,4550.21,4549.76
6368,136,32-3-5,32-3-4,81.4,1.25,0.22,0.013,1,4550.45,4550.27
637,136,3-1-48,3-1-47,87.2,0.83,1.732,0.013,1,4795.57,4794.06
6370,136,32-3-6,32-3-5,399.38,1.25,0.21,0.013,1,4551.34,4550.49
6371,136,32-3-7,32-3-6,301.54,1.25,0.23,0.013,1,4552.13,4551.43
6372,136,32-3-8,32-3-7,100.31,1.25,0.16,0.013,1,4552.3,4552.14
6373,136,32-3-9,32-3-8,130.31,1.25,0.084,0.013,1,4552.47,4552.36
6377,136,32-3-13,32-3-9,273.6,1.25,0.21,0.013,1,4553.09,4552.52
6379,136,32-3-15,32-3-14,524.78,1.75,0.29,0.013,1,4548.59,4547.05
6380,136,32-3-16,32-3-15,524.4,1.75,0.198,0.013,1,4549.69,4548.65
6385,136,32-3-20,32-3-16,162.73,1.75,0.277,0.013,1,4550.25,4549.8
6387,136,32-3-22,32-3-20,302.37,1.75,0.2,0.013,1,4550.85,4550.26
6389,136,32-3-24,32-3-22,73.29,1.75,0.41,0.013,1,4551.22,4550.92
6390,136,32-3-25,32-3-24,248.92,1.75,0.24,0.013,1,4551.82,4551.23
6392,136,32-3-27,32-3-25,104.45,1.75,0.163,0.013,1,4552.03,4551.86
6393,136,32-3-28,32-3-27,144.47,1.75,0.21,0.013,1,4552.36,4552.06
6394,136,32-3-29,32-3-28,208.1,1.75,0.106,0.013,1,4552.76,4552.54
6397,136,32-3-31,32-3-29.1,122.74,1.75,0.46,0.013,1,4553.77,4553.2
6403,136,32-3-29.1,32-3-29,171.67,1.75,0.233,0.013,1,4553.19,4552.79
6405,136,5-2-1,32-4-1,99.85,1.5,0.621,0.013,1,4619.15,4618.53
6406,136,5-2-44,32-4-2,74,1.25,4.04,0.013,1,4618.68,4615.69
6409,136,32-4-2A,32-4-3,239.34,1.25,4.024,0.013,1,4615.6,4605.97
6409A,138,32-4-2,32-4-2A,,,,,,,
6410,136,32-4-3,32-4-4,378.77,1.25,0.93,0.013,1,4605.95,4602.41
6411,136,32-4-4,32-4-5,265.83,1.25,0.27,0.013,1,4602.4,4601.68
6421,136,32-4-5,32-4-14,15.63,0.67,8.06,0.013,1,4601.48,4600.22
6422,136,32-4-47,32-4-48,176.34,1.25,7.724,0.013,1,4599.94,4586.32
6423,136,32-4-14,32-4-15,253.3,1,8.72,0.013,1,4600.04,4577.96
6424,136,32-4-15,32-4-16,346.75,1,3.76,0.013,1,4577.87,4564.83
6425,136,32-4-16,32-4-17,399.16,1,1.36,0.013,1,4564.82,4559.39
6436,136,32-4-17,32-4-28,314.62,1,1.26,0.013,1,4559.35,4555.38
6437,136,32-4-29,32-3-31,535.1,1.75,0.254,0.013,1,4555.18,4553.82
6439,136,32-4-28,32-4-32,345.43,1.25,0.2,0.013,1,4555.15,4554.46
6440,136,32-4-32,32-4-33,19.25,1.25,0.94,0.013,1,4554.41,4554.23
6450,136,5-2-52,32-4-42.1,123.52,1.25,8.25,0.013,1,4627.77,4617.58
6453,136,32-4-42.1,32-4-43,42.12,1.25,2.73,0.013,1,4617.36,4616.21
6455,136,32-4-43,32-4-44,340.21,1.25,1.49,0.013,1,4614.42,4609.35
6456,136,32-4-44,32-4-45,244.65,1.25,1.43,0.013,1,4609.34,4605.83
6457,136,32-4-45,32-4-46,123.15,1.25,1.5,0.013,1,4605.75,4603.9
6458,136,32-4-46,32-4-47,155.74,1.25,1.5,0.013,1,4602.61,4600.27
6460,136,32-4-48,32-4-49,80.5,1.25,3.86,0.013,1,4586.25,4583.14
6461,136,32-4-49,32-4-50,346.21,1.25,4.09,0.013,1,4583.01,4568.86
6462,136,32-4-50,32-4-51,354.72,1.25,1.4,0.013,1,4568.82,4563.84
6463,136,32-4-51,32-4-57,310.34,1.25,2.34,0.013,1,4563.76,4556.5
6467,136,32-4-56,32-4-57,172.52,0.67,3.06,0.013,1,4562.92,4557.64
6468,136,32-4-55,32-4-56,220.93,0.67,5.22,0.013,1,4574.62,4563.08
6469,136,32-4-54,32-4-55,336.51,0.67,8.09,0.013,1,4601.91,4574.69
6470,136,32-4-53,32-4-54,238.5,0.67,4.82,0.013,1,4613.64,4602.14
6471,136,32-4-52,32-4-53,46.43,0.67,2.412,0.013,1,4615,4613.88
6472,136,33-1-73,32-4-52,203.46,0.67,2.571,0.013,1,4620.3,4615.07
6474,136,32-4-33,32-3-13,417.89,1.25,0.26,0.013,1,4554.22,4553.14
6529,136,33-1-3,33-1-49,344.3,0.83,2.19,0.013,1,4642.4,4634.85
6530,136,33-1-49,33-1-50,295.17,0.83,2.15,0.013,1,4634.79,4628.43
6552,136,33-1-50,33-1-72,55.67,0.83,1.98,0.013,1,4628.23,4627.13
6555,136,33-1-72,33-1-73,298.28,0.83,2.27,0.013,1,4627.13,4620.37
6557,136,33-1-75,33-1-74,219.33,0.83,0.12,0.013,1,4621.24,4620.98
659,136,3-1-70,3-1-48,183.89,0.83,1.91,0.013,1,4799.28,4795.76
6597,136,33-1-113,33-1-75,266.42,0.67,0.19,0.013,1,4621.74,4621.24
6598,136,33-1-114,33-1-113,160.29,0.67,0.33,0.013,1,4624.48,4623.95
6599,136,33-2-45,33-1-114,165.01,0.67,0.26,0.013,1,4624.92,4624.49
661,136,3-1-72,3-1-70,251.53,0.83,2.36,0.013,1,4805.48,4799.54
664,136,3-1-75,3-1-72,154.06,0.83,2.45,0.013,1,4809.38,4805.6
665,136,3-1-76,3-1-75,107.82,0.83,2.29,0.013,1,4811.91,4809.44
6730,136,33-3-35,33-3-34,230.43,1,0.846,0.013,1,4558.88,4556.93
6731,136,33-3-36,33-3-35,371.44,1,1.481,0.013,1,4564.43,4558.93
6732,136,33-3-3,33-3-36.1,53.6,1,0.802,0.013,1,4571.95,4571.52
6733,136,33-3-37,33-3-3,411.93,1,1.782,0.013,1,4585.85,4578.51
6745,136,33-3-51,33-3-50,475.07,1.25,1.29,0.013,1,4568.71,4562.58
6836,136,33-4-64,33-4-63,271.03,0.667,0.432,0.013,1,4621.24,4620.07
6837,136,33-4-65,33-4-64,117.62,0.67,3.324,0.013,1,4625.25,4621.34
6838,136,33-4-66,33-4-65,144.44,0.67,3.212,0.013,1,4629.99,4625.35
6839,136,33-4-67,33-4-66,72.48,0.67,1.57,0.013,1,4631.13,4629.99
6849,136,33-4-77,33-4-67,314.99,0.67,1.42,0.013,1,4635.72,4631.25
6850,136,33-4-78,33-4-77,159.16,0.67,1,0.013,1,4637.48,4635.89
6851,136,33-4-79,33-4-78,319.6,0.67,2.015,0.013,1,4643.96,4637.52
6863,136,33-4-90,33-4-79,78.81,0.67,0.964,0.013,1,4645.01,4644.25
6866,136,33-4-91,33-4-90,134.67,0.67,1.649,0.013,1,4647.3,4645.08
6871,136,33-4-63,33-4-92,208.94,1,2.967,0.013,1,4619.49,4613.29
6906,136,34-1-19,33-4-91,349.24,0.67,2.211,0.013,1,4655.12,4647.4
6907,136,34-1-20,34-1-19,135.78,0.67,0.24,0.013,1,4655.88,4655.56
6908,136,34-1-21,34-1-20,350.4,0.67,0.39,0.013,1,4657.56,4656.19
6909,136,34-1-22,34-1-21,33.15,0.67,0.03,0.013,1,4657.59,4657.58
6910,136,34-1-23,34-1-22,160.96,0.67,0.35,0.013,1,4658.19,4657.63
6911,136,34-1-24,34-1-23,170.3,0.67,2,0.013,1,4661.82,4658.42
6912,136,34-1-25,34-1-24,329.57,0.67,0.71,0.013,1,4664.66,4662.32
6913,136,34-1-26,34-1-25,327.94,0.67,1.86,0.013,1,4670.83,4664.72
7008,136,34-2-10,34-2-9.1,142.13,0.67,1.98,0.013,1,4636.34,4633.53
7020,136,34-2-18,34-2-18.1,126.53,0.67,2.371,0.013,1,4589.03,4586.03
7021,136,34-2-18.1,34-2-19,238.18,0.67,2.46,0.013,1,4586,4580.14
7028,136,34-2-4,34-2-15,327.76,0.67,3.04,0.013,1,4612.18,4602.22
7029,136,34-2-5,34-2-4,266.08,0.67,2.26,0.013,1,4618.33,4612.31
7030,136,34-2-6,34-2-5,313.98,0.67,1.52,0.013,1,4623.25,4618.48
7031,136,34-2-7,34-2-6,87.85,0.67,0.87,0.013,1,4624.09,4623.33
7033,136,34-2-8,34-2-7,295.59,0.67,0.53,0.013,1,4625.71,4624.14
7036,136,34-2-11,34-2-10,76.43,0.67,1.83,0.013,1,4637.74,4636.34
7037,136,34-2-12,34-2-11,132.9,0.67,1.979,0.013,1,4640.41,4637.78
7038,136,34-2-13,34-2-12,191.77,0.67,2.086,0.013,1,4644.46,4640.46
7039,136,34-2-14,34-2-13,134.53,0.67,1.9,0.013,1,4647.02,4644.46
7040,136,34-3-1,34-2-14,362.26,0.67,2.04,0.013,1,4654.5,4647.12
7042,136,34-2-15,34-2-16,297.82,0.67,0.497,0.013,1,4602.18,4600.7
7043,136,34-2-16,34-2-17,300.34,0.67,0.513,0.013,1,4600.69,4599.15
7044,136,34-2-17,34-2-18,333.73,0.67,2.97,0.013,1,4599.08,4589.17
7048,136,34-2-21,34-2-20,192.01,1.25,1.41,0.013,1,4585.38,4582.68
7049,136,34-2-22,34-2-21,312.9,1.25,1.39,0.013,1,4589.77,4585.43
7051,136,34-2-23,34-2-22,286.46,1.25,1.38,0.013,1,4593.72,4589.77
7052,136,34-2-24,34-2-23,85.13,1.25,1.36,0.013,1,4595,4593.84
7053,136,34-2-31,34-2-24,305.28,1.25,1.51,0.013,1,4599.77,4595.17
7064,136,34-2-35,34-2-31,80.13,1.25,1.58,0.013,1,4601.11,4599.84
7065,136,34-2-36,34-2-35,218.19,1.25,1.52,0.013,1,4604.51,4601.19
7066,136,34-2-39,34-2-36,181.7,1.25,1.56,0.013,1,4607.36,4604.52
7069,136,34-2-40,34-2-39,345.46,1.25,1.91,0.013,1,4613.97,4607.37
7071,136,34-2-41,34-2-40,117.58,1.25,2.03,0.013,1,4616.36,4613.97
7072,136,34-2-49,34-2-41,297.36,1.25,1.94,0.013,1,4622.24,4616.47
7082,136,34-3-8,34-2-49,267.25,1.25,2.07,0.013,1,4627.86,4622.33
7109,136,34-3-2,34-3-1,298.82,0.67,1.94,0.013,1,4660.29,4654.5
7110,136,34-3-3,34-3-2,259.42,0.67,2.46,0.013,1,4666.66,4660.29
7114,136,34-3-7,34-3-8,83.3,1.25,1.273,0.013,1,4628.98,4627.92
7117,136,34-3-10,34-3-9,179.13,1.25,1.81,0.013,1,4641.04,4637.79
7118,136,34-3-11,34-3-10,142.29,1.25,1.78,0.013,1,4643.77,4641.24
7119,136,34-3-12,34-3-11,166.75,1.25,1.91,0.013,1,4647.09,4643.91
7120,136,34-3-13,34-3-12,346.13,1.5,0.65,0.013,1,4649.34,4647.1
7121,136,34-3-14,34-3-13,158.41,1.5,0.309,0.013,1,4649.94,4649.45
713,136,3-2-5,4-2-90,275.78,0.67,1.19,0.013,1,4804.62,4801.34
7131,136,34-3-23,34-3-88,161.66,1.25,0.13,0.013,1,4663.9,4663.69
714,136,3-2-6,3-2-5,270.79,0.67,0.68,0.013,1,4812.65,4810.81
7141,136,34-3-28,34-3-19,190.56,1.25,0.289,0.013,1,4651.07,4650.52
7142,136,34-3-29,34-3-28,155.17,1.25,0.496,0.013,1,4651.86,4651.09
7144,136,34-3-31,34-3-29,206.36,0.67,0.8,0.013,1,4654.19,4652.53
7145,136,34-3-32,34-3-31,204.95,0.67,0.91,0.013,1,4656.13,4654.26
7146,136,34-3-33,34-3-32,198.52,0.67,3.289,0.013,1,4662.66,4656.13
7147,136,34-3-34,34-3-33,226.32,0.83,0.658,0.013,1,4664.23,4662.74
7148,136,34-3-35,34-3-34,166.29,0.83,0.487,0.013,1,4665.34,4664.53
7150,136,34-3-37,34-3-35,120.4,0.83,0.141,0.013,1,4666.35,4666.18
7151,136,35-2-1,34-3-37,229.35,0.83,0.61,0.013,1,4667.79,4666.39
7191,136,34-4-59,34-3-89,339.31,0.67,4.42,0.013,1,4687.18,4672.17
721,136,3-2-13,3-2-6,334.2,0.67,2.38,0.013,1,4820.71,4812.75
722,136,3-2-14,3-2-13,486.38,0.67,0.82,0.013,1,4824.91,4820.92
7221,136,34-3-87,27-4-39,288.98,0.67,4.582,0.013,1,4850.54,4837.3
723,136,3-2-15,3-2-14,217.93,0.67,0.84,0.013,1,4827.12,4825.3
7267,136,34-4-42,34-4-41,20.37,0.67,5.3,0.013,1,4775.25,4774.17
7268,136,34-4-41,34-4-43,200.69,0.67,0.658,0.013,1,4774.17,4772.85
7269,136,34-4-43,34-4-44,226.07,0.67,4.968,0.013,1,4772.46,4761.23
727,136,3-2-19,3-2-15,352.13,0.67,0.71,0.013,1,4829.74,4827.24
7272,136,34-4-44,34-4-46,250.9,0.67,4.91,0.013,1,4761.21,4748.89
7274,136,34-4-46,35-1-1,300.99,0.67,0.21,0.013,1,4748.89,4748.27
7276,136,34-4-47,34-4-49,203.06,0.67,3,0.013,1,4742.05,4735.95
7277,136,34-4-49,34-4-50,398.36,0.67,2.7,0.013,1,4735.89,4725.14
7278,136,34-4-50,34-4-51,401.01,0.67,2.53,0.013,1,4725.11,4714.98
7279,136,34-4-51,34-4-52,400.97,0.67,2.5,0.013,1,4714.89,4704.86
7280,136,34-4-52,34-4-53,417.94,0.67,2.36,0.013,1,4704.84,4694.99
7281,136,34-4-53,34-4-54,55.58,0.67,2.97,0.013,1,4694.96,4693.31
7286,136,34-4-54,34-4-59,191.33,0.67,2.89,0.013,1,4692.76,4687.23
7296,136,35-1-25.1,34-4-64.3,233.96,0.83,0.727,0.013,1,4681,4679.3
730,136,3-2-21,3-2-19,228.52,0.67,1.2,0.013,1,4838.67,4835.93
7305,136,35-1-1,34-4-47,191.14,0.67,3.21,0.013,1,4748.19,4742.05
7306,136,35-1-2,35-1-1,104.28,0.67,0.09,0.013,1,4748.36,4748.27
7307,136,35-1-3,35-1-2,403.42,0.67,0.863,0.013,1,4751.9,4748.42
7308,136,35-1-4,35-1-3,232.11,0.67,0.814,0.013,1,4753.97,4752.08
7309,136,35-1-5,35-1-4,120.62,0.67,0.655,0.013,1,4754.76,4753.97
7311,136,35-1-6,35-1-5,187.79,0.67,0.825,0.013,1,4756.41,4754.86
7312,136,35-1-7,35-1-6,300.89,0.67,0.58,0.013,1,4758.42,4756.68
7313,136,35-1-8,35-1-7,89.82,0.67,1.37,0.013,1,4760,4758.77
732,136,3-2-23,3-2-21,334.45,0.67,1.72,0.013,1,4844.5,4838.75
7329,136,35-1-28,35-1-27,211.9,0.67,1.307,0.013,1,4688.59,4685.82
733,136,3-3-1,3-2-23,318.46,0.67,1.78,0.013,1,4850.48,4844.81
7332,136,35-1-30,35-1-29,58.63,0.67,2.25,0.013,1,4692.48,4691.16
7333,136,35-1-31,35-1-30,293.74,0.67,2.152,0.013,1,4699.02,4692.7
7337,136,35-1-35,35-1-31,261.05,0.67,2.199,0.013,1,4704.77,4699.03
7338,136,35-1-36,35-1-35,416.38,0.67,3.675,0.013,1,4720.17,4704.87
7339,136,35-1-37,35-1-36,499.56,0.67,2.76,0.013,1,4734.23,4720.45
7340,136,35-1-38,35-1-37,467.96,0.67,2.77,0.013,1,4747.21,4734.24
7341,136,35-1-39,35-1-38,287.28,0.67,2.19,0.013,1,4753.71,4747.42
7342,136,35-1-40,35-1-39,117.83,0.67,1.859,0.013,1,4755.92,4753.73
7343,136,35-1-41,35-1-40,71.42,0.67,1.78,0.013,1,4757.21,4755.94
7344,136,35-1-42,35-1-41,243.05,0.67,0.79,0.013,1,4759.47,4757.55
7346,136,35-1-43,35-2-2,311.62,0.67,1.93,0.013,1,4677.68,4671.68
7347,136,35-1-44,35-1-43,254.99,0.67,2.03,0.013,1,4682.86,4677.69
7348,136,35-1-45,35-1-44,282.37,0.67,1.56,0.013,1,4687.41,4683.01
7349,136,35-1-46,35-1-45,105.61,0.67,4.69,0.013,1,4692.64,4687.69
7350,136,35-1-48,35-1-46,67.49,0.67,2.55,0.013,1,4696.84,4695.12
7367,136,35-1-25.2,35-1-25.1,325.43,0.83,0.64,0.013,1,4683.33,4681.25
7368,136,35-1-25.3,35-1-25.2,389.15,0.83,0.581,0.013,1,4685.73,4683.47
7370,136,35-1-27,35-1-25.3,12.79,0.83,0.313,0.013,1,4685.82,4685.78
7424,136,35-2-36,35-1-48,135.83,0.67,54.72,0.013,1,4771.8,4697.47
7425,136,35-2-37,35-2-36,171.28,0.67,35.16,0.013,1,4833.43,4773.2
7426,136,35-2-38,35-2-37,132.68,0.67,0.415,0.013,1,4834.38,4833.83
7427,136,35-2-39,35-2-38,64.23,0.67,0.125,0.013,1,4834.67,4834.59
7430,136,35-2-42,35-2-39,177.9,0.67,0.44,0.013,1,4835.49,4834.71
7432,136,35-2-44,35-2-42,247.42,0.67,2.4,0.013,1,4841.51,4835.57
7434,136,35-2-46,35-2-44,157.15,0.67,1.85,0.013,1,4844.5,4841.6
7435,136,35-2-47,35-2-46,117.24,0.67,1.71,0.013,1,4846.56,4844.55
7437,136,35-2-49,35-2-47,301.66,0.67,2.4,0.013,1,4854.99,4847.76
7443,136,35-2-55,35-2-49,44.01,0.67,0.55,0.013,1,4855.27,4855.03
7445,136,35-2-57,35-2-55,240.69,0.67,5.73,0.013,1,4869.06,4855.27
7447,136,35-2-59,35-2-57,192.6,0.67,2.24,0.013,1,4874.42,4870.11
7448,136,35-2-60,35-2-59,107.12,0.67,7.87,0.013,1,4882.91,4874.48
7450,136,35-3-15,35-2-60,52.59,0.67,7.55,0.013,1,4886.97,4883
7459,136,35-3-106,35-2-68,341.24,0.67,3.654,0.013,1,4952.81,4940.34
7460,136,35-2-68,35-2-69,299.99,0.67,3.727,0.013,1,4940.31,4929.13
7461,136,35-2-69,35-2-70,87.58,0.67,3.8,0.013,1,4929.13,4925.8
7462,136,35-2-70,35-2-71,295.1,0.67,3.52,0.013,1,4925.68,4915.3
7463,136,35-2-71,35-2-72,16.19,0.67,2.532,0.013,1,4915,4914.59
7464,136,35-2-72,35-2-73,400.29,0.67,3.495,0.013,1,4914.49,4900.5
7465,136,35-2-73,35-2-74,284.24,0.67,3.07,0.013,1,4900.49,4891.76
7466,136,35-2-74,35-2-75,532.19,0.67,2.57,0.013,1,4891.1,4877.44
7467,136,35-2-75,35-2-75.1,103.35,0.67,2.62,0.013,1,4877.37,4874.66
7468,136,35-2-75.1,35-2-76,243.53,0.67,2.59,0.013,1,4874.61,4868.31
7496,136,35-3-16,35-3-15,37.56,0.67,6.63,0.013,1,4895.03,4892.54
7497,136,35-3-17,35-3-16,350.53,0.67,6.52,0.013,1,4917.89,4895.05
7502,136,35-3-21,35-3-17,15.83,0.67,7.52,0.013,1,4919.81,4918.62
7503,136,35-3-22,35-3-21,74.51,0.67,6.46,0.013,1,4924.64,4919.83
7507,136,35-3-26,35-3-22,312.76,0.67,6.71,0.013,1,4945.82,4924.82
7510,136,35-3-29,35-3-26,12.96,0.67,4.86,0.013,1,4946.79,4946.16
7511,136,35-3-30,35-3-29,219.51,0.67,5.39,0.013,1,4958.73,4946.9
7514,136,35-3-33,35-3-30,80.86,0.67,5.32,0.013,1,4963.16,4958.86
7535,136,35-3-50,35-3-33,75.94,0.67,5.75,0.013,1,4967.61,4963.24
7536,136,35-3-51,35-3-50,253.76,0.67,4.73,0.013,1,4979.65,4967.64
7537,136,35-3-52,35-3-51,141.67,0.67,4.76,0.013,1,4986.71,4979.96
7538,136,35-3-53,35-3-52,291.18,0.67,6.09,0.013,1,5004.53,4986.79
7540,136,35-3-55,35-3-53,161.02,0.67,3.91,0.013,1,5010.93,5004.63
7541,136,35-3-56,35-3-55,117.38,0.67,3.74,0.013,1,5015.48,5011.09
7543,136,35-3-58,35-3-56,68.85,0.67,0.334,0.013,1,5015.99,5015.76
7546,136,35-3-61,35-3-60,313.39,0.67,0.38,0.013,1,5018.07,5016.88
7593,136,35-3-107,35-3-106,408.13,0.67,6.33,0.013,1,4978.93,4953.08
7594,136,35-3-108,35-3-107,402.36,0.67,3.42,0.013,1,4992.88,4979.13
7595,136,35-3-109,35-3-108,51.53,0.67,3.9,0.013,1,5004.72,5002.71
7596,136,35-3-110,35-3-109,343.81,0.67,2.96,0.013,1,5015.02,5004.86
7597,136,35-3-111,35-3-110,341.06,0.67,4.15,0.013,1,5029.23,5015.08
7631,136,35-4-2,35-4-1,97.66,0.67,5.69,0.013,1,4776.49,4770.93
7634,136,35-4-4,35-4-2,75.29,0.67,4.74,0.013,1,4780.76,4777.19
7635,136,35-4-5,35-4-4,210.25,0.67,48.428,0.013,1,4882.65,4780.83
7639,136,35-4-9,35-4-5,38.61,0.67,14.918,0.013,1,4888.46,4882.7
7640,136,35-4-10,35-4-9,90.7,0.67,2.348,0.013,1,4890.77,4888.64
7643,136,35-4-13,35-4-10,318.65,0.67,2.04,0.013,1,4897.37,4890.87
7645,136,35-4-14,35-4-13,313.75,0.67,3.194,0.013,1,4907.45,4897.43
7646,136,35-4-15,35-4-14,418.46,0.67,3.793,0.013,1,4923.35,4907.48
7647,136,35-4-16,35-4-15,178.86,0.67,1.13,0.013,1,4928.6,4926.58
7657,136,35-4-26,35-4-16,448.78,0.67,12.9,0.013,1,4986.56,4928.65
7658,136,35-4-27,35-4-26,145.52,0.67,0.91,0.013,1,4989.91,4988.59
7662,136,35-4-31,35-4-27,163.25,0.67,24.59,0.013,1,5031.48,4991.33
7663,136,35-4-32,35-4-31,352.62,0.67,0.66,0.013,1,5033.93,5031.62
7848,136,20-4-53,20-4-48.1,83.6,1.25,1.33,0.013,1,4416.33,4415.22
7849,136,20-4-48.1,20-4-48,282.55,1.25,1.08,0.013,1,4415.15,4412.09
7878,136,8-4-3,8-4-4,197.8,0.83,0.22,0.013,1,4341.11,4340.67
7886,136,34-2-20,34-2-19,102.53,1.25,1.843,0.013,1,4580.44,4578.55
7887,136,35-1-29,35-1-28,109.73,0.67,1.87,0.013,1,4691.11,4689.06
7892,136,28-1-50,28-1-49,77.82,1.25,1.015,0.013,1,4499.35,4498.56
7905,136,29-4-25,29-4-24,175.5,1.25,0.39,0.013,1,4516.08,4515.39
7908,136,1N-2-24,1N-2-22,58.28,3.25,0.052,0.013,1,4246.15,4246.12
7909,136,1N-3-13,1N-2-55,188.9,3.5,0.14,0.013,1,4250.57,4250.31
7924,136,28-1-31,28-1-30.1,76.02,1.25,1.355,0.013,1,4488.86,4487.83
7925,136,28-1-30.1,28-1-30,109.54,1.25,1.589,0.013,1,4487.61,4485.87
7935,136,1S-2-23,2-3-60,319.88,0.67,1.5,0.013,1,5042.6,5037.79
7936,136,2-3-60,35-4-32,383.99,0.67,0.97,0.013,1,5037.79,5034.06
7945,136,4-2-43,4-2-38,265.78,0.83,0.361,0.013,1,4724.97,4724.01
7951,136,34-3-19,34-3-14,73.07,1.25,0.698,0.013,1,4650.5,4649.99
7952,136,34-3-9,34-3-9.0,242.12,1.25,1.528,0.013,1,4637.69,4633.99
7965,136,35-4-1,35-1-42.1,164.96,0.67,0.96,0.013,1,4762.53,4760.94
7966,136,35-1-42.1,35-1-42,204.39,0.67,0.69,0.013,1,4760.92,4759.51
7968,136,21-1-3,21-1-2,161.03,0.667,4.403,0.013,1,4453.77,4446.68
7982,136,20-4-35,20-4-36,336.25,3.25,0.018,0.013,1,4403.01,4402.95
7986,136,27-3-90,27-3-89,122.63,0.83,7.5,0.013,1,4652.08,4642.88
7991,136,28-4-21,28-4-15,399.05,1.25,1.49,0.013,1,4548.15,4542.21
7994,136,35-2-2,35-2-1,327.18,0.67,1.07,0.013,1,4671.32,4667.82
7999,136,26-3-76,26-3-75,111.66,1,0.036,0.013,1,4855.77,4855.73
8062,136,7-3-37,7-3-36.1,47.38,1.5,0.169,0.013,1,4276.6,4276.52
8063,136,7-3-36.1,7-3-36,227.59,1.5,0.127,0.013,1,4276.47,4276.18
8081,136,3-4-28,3-4-28.1,46.68,0.83,1.09,0.013,1,4820.01,4819.5
8084,136,9S-2-2,9S-2-3,272.92,1,0.26,0.013,1,4774.48,4773.77
8085,136,26-2-24,26-2-24.1,62.22,0.83,1.077,0.013,1,4778.97,4778.3
8086,136,26-2-24.1,26-2-28,350.72,0.83,0.208,0.013,1,4777.69,4776.96
8088,136,35-3-60,35-3-58,150.53,0.67,0.478,0.013,1,5016.76,5016.04
8090,136,16-4-19,16-4-18,201.52,1.25,0.37,0.013,1,4420.64,4419.89
8100,136,9S-1-57,9S-1-53,240.26,0.67,0.33,0.013,1,4773.7,4772.91
8131,136,12-3-4,12-3-3,196.89,0.83,4.49,0.013,1,5292.97,5284.12
8133,136,12-3-27,12-3-5,298.44,0.83,5.18,0.013,1,5318.13,5302.66
8139,136,12-3-6,12-3-4,112.45,0.83,3.23,0.013,1,5296.73,5293.1
8140,136,12-3-5,12-3-6,192.14,0.83,2.99,0.013,1,5302.5,5296.75
8142,136,12-3-28,12-3-27,298.26,0.83,2.67,0.013,1,5326.2,5318.23
8143,136,12-3-29,12-3-28,223.7,0.83,2.27,0.013,1,5331.39,5326.32
8144,136,12-3-30,12-3-29,132.39,0.83,1.94,0.013,1,5334.43,5331.86
8145,136,12-3-31,12-3-30,136.29,0.83,1.29,0.013,1,5336.2,5334.44
8146,136,12-3-32,12-3-31,94.8,0.83,2,0.013,1,5338.14,5336.24
8150,136,29-3-52,20-4-65,164.28,2.25,0.77,0.013,1,4430.32,4429.05
8155,136,21-2-24,21-2-23.1,319.07,0.83,0.74,0.013,1,4405.69,4403.32
8156,136,21-2-23.1,21-2-23,101.45,0.83,0.64,0.013,1,4403.15,4402.5
8159,136,29-4-39,29-3-1,33.8,1,3.31,0.013,1,4485.29,4484.17
8160,136,29-3-1,29-3-2,138.27,1,3.6,0.013,1,4483.99,4479.01
8161,136,29-4-40.1,29-3-33,187.74,1.25,1.68,0.013,1,4487.03,4483.87
817,136,3-3-2,3-3-1,101.81,0.67,1.82,0.013,1,4852.49,4850.64
818,136,3-3-3,3-3-2,142.52,0.67,0.25,0.013,1,4852.96,4852.6
8188,136,28-2-68,28-2-69,155.07,0.67,2.48,0.013,1,4517.56,4513.72
819,136,3-3-4,3-3-3,145.49,0.67,1.31,0.013,1,4855.25,4853.35
8192,136,34-2-9.1,34-2-73,86.18,0.67,1.76,0.013,1,4633.52,4632
8193,136,34-2-73,34-2-9,171.61,0.67,1.58,0.013,1,4631.33,4628.61
820,136,3-4-95,3-3-4,198.61,0.67,0.23,0.013,1,4855.87,4855.41
8207,136,8-1-22.1,8-1-23,373.25,2.5,0.793,0.013,1,4308.95,4305.99
8208,136,8-1-23,8-1-24,377.63,2.5,0.6,0.013,1,4305.94,4303.66
8210,136,22-3-44,22-3-43.1,347.37,1.25,0.95,0.013,1,4605.64,4602.35
8212,136,5-3-10,5-3-9,438.08,1.5,1.12,0.013,1,4718.93,4714.01
8235,136,5-3-7,5-3-7.1,96.35,1.5,5.086,0.013,1,4683.34,4678.44
8236,136,5-3-7.1,5-3-6,317.04,1.5,5.26,0.013,1,4678.35,4661.68
8254,136,32-4-57,32-4-29,37.52,1.25,1.92,0.013,1,4556.23,4555.51
8275,136,23-1-83,23-1-77.2,31.32,0.83,0.607,0.013,1,4634.13,4633.94
8276,136,23-1-77.2,23-1-77.1,70.58,0.83,0.198,0.013,1,4633.74,4633.6
8277,136,23-1-77.1,23-1-77,17.52,0.83,1.37,0.013,1,4633.51,4633.27
8294,136,4-4-10,4-4-11,319.67,1,0.657,0.013,1,4723.84,4721.74
8310,136,4-4-113,4-4-2,23.32,1.75,1.11,0.013,1,4726.51,4726.25
8312,136,4-4-115,4-4-114,392.34,1.5,7.37,0.013,1,4765.06,4736.14
8313,136,9S-2-71,4-4-115,120.2,1.75,0.63,0.013,1,4766.18,4765.42
8314,136,9S-2-72,9S-2-71,279.17,1.75,0.18,0.013,1,4766.84,4766.35
8315,136,9S-2-73,9S-2-72,413.99,1.75,0.2,0.013,1,4767.95,4767.13
8316,136,9S-2-74,9S-2-73,395.14,1.75,0.22,0.013,1,4768.97,4768.09
8317,136,9S-2-75,9S-2-74,400.67,1.75,0.24,0.013,1,4770.08,4769.1
8318,136,9S-2-76,9S-2-75,419.93,1.75,0.2,0.013,1,4771.12,4770.29
8319,136,9S-3-73,9S-2-76,347.81,1.75,0.26,0.013,1,4772.03,4771.13
8320,136,9S-3-74,9S-3-73,139.46,1.75,0.12,0.013,1,4772.24,4772.07
8321,136,9S-3-75,9S-3-74,80.87,1.75,0.16,0.013,1,4772.49,4772.36
8322,136,9S-3-76,9S-3-75,39.66,1.75,0.15,0.013,1,4772.65,4772.59
8323,136,9S-3-77,9S-3-76,526.44,1.75,0.215,0.013,1,4773.82,4772.69
8324,136,9S-3-78,9S-3-77,227.4,1.75,1.196,0.013,1,4776.6,4773.88
8325,136,9S-3-79,9S-3-78,69.47,1.75,1.4,0.013,1,4777.63,4776.66
8326,136,9S-3-80,9S-3-79,153.13,1.75,1.51,0.013,1,4780.04,4777.73
8327,136,9S-3-81,9S-3-80,396.99,1.75,1.56,0.013,1,4786.28,4780.08
8328,136,9S-3-82,9S-3-81,401.53,1.75,0.67,0.013,1,4789.05,4786.37
8331,136,3-1-117,9S-3-82,359.36,1.75,0.749,0.013,1,4792.14,4789.45
8332,136,3-1-118,3-1-117,40.23,1.75,0.746,0.013,1,4792.48,4792.18
8333,136,3-1-119,3-1-118,397.29,1.75,1.63,0.013,1,4799.33,4792.84
8334,136,3-1-120,3-1-119.1,332.88,1.75,1.66,0.013,1,4806.26,4800.72
8335,136,3-1-121,3-1-120,21.78,1.75,6.7,0.013,1,4807.72,4806.26
8337,136,3-1-13,3-1-121,387.98,0.83,4.81,0.013,1,4827.46,4808.81
8350,136,10-3-69,10-3-68,308.83,0.67,9.72,0.013,1,4908.38,4878.37
8353,136,5-2-27,5-2-57,304.93,6.67,1.397,0.013,1,4643.07,4638.81
8355,136,4-4-23,4-4-24,347.34,1,7.719,0.013,1,4719.01,4692.2
8369,136,21-4-94,21-3-87,22.14,1.25,2.12,0.013,1,4459.52,4459.05
8374,136,22-3-5,22-2-32,25.73,1,1.59,0.013,1,4504.9,4504.49
8376,136,27-2-103,27-2-102,351.87,1,2.26,0.013,1,4578.17,4570.21
8380,136,20-4-32.1,20-4-32,17.45,0.83,13.926,0.013,1,4411.16,4408.73
8381,136,34-2-19,33-3-51.2,350.57,1.25,0.782,0.013,1,4578.51,4575.77
8382,136,33-3-51.2,33-3-51.1,216.48,1.5,1.77,0.013,1,4575.56,4571.72
8383,136,33-3-51.1,33-3-51,396.07,1.5,0.71,0.013,1,4571.69,4568.86
8431,136,33-1-74,33-1-73,9.95,0.67,4.42,0.013,1,4620.88,4620.44
8438,136,17-2-50,17-2-53.2,207.94,2.5,1.08,0.013,1,4337.76,4335.52
8441,136,34-4-64.3,34-4-64.2,228.33,1.25,0.438,0.013,1,4678.63,4677.63
8442,136,34-4-64.2,34-4-64,78.38,1.25,5.282,0.013,1,4677.41,4673.27
8444,136,34-3-26.1,34-3-26,178.32,1.25,1.34,0.013,1,4666.77,4664.38
8445,136,34-3-26,34-3-23,170.24,1.25,0.129,0.013,1,4664.15,4663.93
8448,136,34-3-88,34-3-89,279.88,1.25,0.13,0.013,1,4663.66,4663.3
8449,136,34-3-89,34-3-90,134.46,1.25,0.16,0.013,1,4663.1,4662.88
8451,136,34-3-90,34-3-91,109.21,1.25,0.13,0.013,1,4662.78,4662.64
8453,136,34-3-91,34-3-92,89.3,1.25,0.2,0.013,1,4662.64,4662.46
8454,136,34-3-92,34-3-93,124.11,1.25,2.05,0.013,1,4662.27,4659.73
8455,136,34-3-93,34-3-14,101.18,1.25,8.91,0.013,1,4659.55,4650.53
8457,136,34-4-64,34-3-26.1,166.29,1.25,3.849,0.013,1,4673.08,4666.68
8470,136,1N-2-102,1N-2-101,153.28,3.5,0.12,0.013,1,4244.31,4244.13
8471,136,1N-2-103,1N-2-102,18.23,3.5,0.49,0.013,1,4244.41,4244.32
8472,136,1N-2-104,1N-2-103,363.97,3.5,0.17,0.013,1,4245.06,4244.44
8473,136,1N-2-105,1N-2-104,292.28,3.5,0.1,0.013,1,4245.37,4245.09
8474,136,1N-2-106,1N-2-105,21.42,3.5,1.4,0.013,1,4245.7,4245.4
8475,136,1N-2-106.1,1N-2-106,5.83,2.5,2.06,0.013,1,4247.63,4247.51
8477,136,1N-2-54,1N-2-106.1,348.62,2.5,0.26,0.013,1,4250.12,4249.2
8484,136,1N-2-101,1N-2-CV1,58.51,3.5,0.137,0.013,1,4244.08,4244
8487,136,1N-2-22,1N-2-CV1,27.69,3.25,5.2,0.013,1,4246.11,4244.67
8489,136,23-2-17,23-2-8,156.64,0.67,0.313,0.013,1,4637.42,4636.93
8493,136,11-2-27,11-2-86,31.3,0.83,2.94,0.013,1,5079.35,5078.43
8494,136,11-2-86,11-2-23,354.83,0.83,3.47,0.013,1,5078.13,5065.8
8545,136,33-3-60,33-3-37,344.1,0.667,4.786,0.013,1,4603.43,4586.96
8546,136,33-3-61,33-3-60,86.12,1,0.813,0.013,1,4604.71,4604.01
8547,136,33-3-62,33-3-61,115.59,1,0.753,0.013,1,4605.7,4604.83
8548,136,33-3-63,33-3-62,228.65,1,1.085,0.013,1,4608.21,4605.73
8556,136,33-3-64,33-3-63,148.01,1,0.297,0.013,1,4608.83,4608.39
8557,136,33-3-65,33-3-64,322.02,1,0.391,0.013,1,4610.21,4608.95
8558,136,33-4-106,33-3-65,314.64,1,0.429,0.013,1,4611.61,4610.26
8597,136,5-2-21,5-2-20,325.49,1,1.77,0.013,1,4663.87,4658.11
8599,136,20-2-17,20-2-18,399.42,0.667,0.951,0.013,1,4377.1,4373.3
8600,136,20-2-23,17-1-10,314.18,0.833,1.2,0.013,1,4371.87,4368.1
8634,136,26-2-99,26-2-96.1,153.36,1.25,2.426,0.013,1,4820.45,4816.73
8635,136,26-2-96.1,26-2-96,199.32,1.25,1.691,0.013,1,4816.67,4813.3
8640,136,9S-1-1,9S-1-LiftS,85.79,0.67,1.13,0.013,1,4689.34,4688.37
8667,136,33-3-36.1,33-3-36,280.31,1,2.44,0.013,1,4571.46,4564.61
8688,136,28-4-35,28-4-34,422.26,0.67,0.33,0.013,1,4572.68,4571.28
8704,136,3-1-119.1,3-1-119,61.9,1.75,1.41,0.013,1,4800.42,4799.55
8705,136,3-1-13.1,3-1-13,408.2,1,1.85,0.013,1,4835.07,4827.52
8708,136,9S-2-50.1,9S-2-50,154.39,1,0.376,0.013,1,4740.06,4739.48
8709,136,9S-2-34,9S-2-50.1,234.27,1,0.376,0.013,1,4740.96,4740.08
8711,136,4-4-2,4-4-1,14.03,1,0.36,0.013,1,4726.09,4726.04
8732,136,5-2-2.1,5-2-2,43.54,1.5,1.19,0.013,1,4630.8,4630.28
8733,136,5-2-2.2,5-2-2.1,162.47,1.5,0.81,0.013,1,4632.18,4630.86
8734,136,5-2-2.3,5-2-2.2,3.54,1.5,9.887,0.013,1,4632.58,4632.23
8736,136,27-1-47.1,27-1-47,83.85,1,0.334,0.013,1,4773.29,4773.01
8746,136,34-3-9.0,34-3-7,297.43,1.25,1.674,0.013,1,4633.97,4628.99
8748,136,29-3-22,29-3-28.5,164.17,1.25,0.603,0.013,1,4453.2,4452.21
8749,136,29-3-28.5,29-3-28,212.64,1.25,0.329,0.013,1,4452.14,4451.44
8753,136,22-3-41,22-3-40,280.23,1.25,0.72,0.013,1,4572.17,4570.16
8755,136,21-1-53.1,21-1-53,60.7,1.75,0.97,0.013,1,4424.21,4423.62
8787,136,33-4-92,33-4-106,114.4,1,0.874,0.013,1,4612.67,4611.67
8811,136,34-2-75,34-2-8,39.23,0.67,0.561,0.013,1,4626.01,4625.79
8813,136,34-2-9,34-2-75,360.14,0.67,0.7,0.013,1,4628.59,4626.06
8819,136,27-2-69.1,27-2-55,288.91,1,2.43,0.013,1,4532.21,4525.2
8824,136,1N-2-CV1,1N-2-CV2,700.97,5,0.929,0.013,1,4243.27,4236.76
8836,136,1N-3-6.1,1N-3-6,21.98,2.75,0.23,0.013,1,4252,4249.83
8841,136,17-2-53.2,17-2-53,504.81,2.5,0.45,0.013,1,4334.98,4332.71
8843,136,17-2-56,17-2-57,292.3,2.5,0.64,0.013,1,4325.97,4324.09
8845,136,3-4-28.1,3-1-76,299.23,0.83,2.45,0.013,1,4819.26,4811.93
8900,136,1N-2-106.2,1N-2-106,336.05,3.5,0,0.013,1,4247.14,4245.71
8908,136,9S-4-111.1,9S-4-111,107.26,0.667,4.75,0.013,1,4850.45,4845.35
8930,136,20-4-47,20-4-69,102.49,2.75,0.224,0.013,1,4407.07,4406.84
8931,136,20-4-69,20-4-46,270.84,2.75,0.063,0.013,1,4406.84,4406.67
8935,136,11-3-27,11-3-48,122.09,0.83,1.802,0.013,1,5155.01,5152.81
8936,136,11-3-48,11-3-19,96.62,0.83,1.459,0.013,1,5152.76,5151.35
8939,136,26-3-73.5,26-3-73,145.2,1,0.276,0.013,1,4854.81,4854.41
8940,136,22-2-3.1,22-2-1,202.76,2,0.59,0.013,1,4464.41,4463.22
8948,136,8-3-17.1,8-3-17,42.6,1.5,0.56,0.013,1,4312.18,4311.94
8950,136,21-3-84.1,21-3-84,264.73,1.5,1.81,0.013,1,4449.87,4445.08
8953,136,12-3-10.1,12-3-10,300.93,0.667,4.5,0.013,1,5377.91,5364.37
9010,136,12-2-5,12-2-3,332.53,1,4.117,0.013,1,5184.78,5171.09
9055,138,9S-1-LiftS,9S-2-33,3181,0.5,-1.981,0.013,1,4680,4743
9059,136,8-1-6,8-1-20,14.86,3,1.144,0.013,1,4315.68,4315.51
9076,136,4-4-1,4-4-10,311.8,1.25,0.638,0.013,1,4725.91,4723.92
9120,136,1N-2-54,1N-2-106.2,33,3.5,2.97,0.013,1,4248.25,4247.27
9121,136,29-4-40,29-4-40.1,8.6,1.5,9.535,0.013,1,4488.08,4487.26
9137,136,23-2-16.1,23-2-11,250.1,1,4.398,0.013,1,4655.67,4644.67
9138,136,23-2-16.2,23-2-16.1,142.69,1,3.133,0.013,1,4660.17,4655.7
9139,136,23-2-16.3,23-2-16.2,303.48,1,0.966,0.013,1,4663.2,4660.27
9140,136,23-2-16.4,23-2-16.3,400.51,1,3.054,0.013,1,4675.59,4663.36
9141,136,23-2-16.5,23-2-16.4,328.89,1,2.019,0.013,1,4682.24,4675.6
9142,136,23-2-16.6,23-2-16.5,324.71,1,2.815,0.013,1,4691.5,4682.36
9143,136,23-2-16.7,23-2-16.6,58.1,1,1.704,0.013,1,4692.82,4691.83
9144,136,23-2-16.8,23-2-16.7,151.66,1,7.992,0.013,1,4704.98,4692.86
9145,136,23-2-16.9,23-2-16.8,168.28,1,52.953,0.013,1,4798.87,4709.76
9187,136,29-3-13,29-3-40,13.55,1.5,0.148,0.013,1,4453.9,4453.88
9189,136,32-4-1,32-4-42.1,7.5,1.5,0.667,0.013,1,4618.3,4618.25
9193,136,32-4-2,32-4-43,16.8,1.25,5.179,0.013,1,4615.4,4614.53
9234,136,4-4-114,4-4-114.1,84.15,1.75,4.872,0.013,1,4736.1,4732
9235,136,4-4-114.1,4-4-1,75.99,1.75,7.633,0.013,1,4731.8,4726
9254,136,23-2-9,23-2-17,110.4,0.67,0.716,0.013,1,4638.26,4637.47
9272,136,29-3-63,29-3-13,46.42,2,0.323,0.013,1,4454.09,4453.94
9273,136,29-3-65,29-3-63,28.05,2,0.464,0.013,1,4454.3,4454.17
9274,136,29-3-66,29-3-65,49.1,2,0.407,0.013,1,4454.91,4454.71
9276,136,29-3-67,29-3-66,255.59,2,0.939,0.013,1,4457.43,4455.03
9277,136,29-3-68,29-3-67,145.94,2,0.925,0.013,1,4458.97,4457.62
9278,136,29-3-69,29-3-68,112.93,2,0.912,0.013,1,4460.21,4459.18
9279,136,29-3-70,29-3-69,169.96,2,0.594,0.013,1,4461.43,4460.42
9282,136,28-2-95,29-3-70,339.06,2,1.489,0.013,1,4466.67,4461.62
9283,136,28-2-96,28-2-95,198.69,2,1.203,0.013,1,4469.17,4466.78
9284,136,28-1-83,28-2-96,236.85,2,1.258,0.013,1,4472.28,4469.3
9285,136,28-1-84,28-1-83,243.17,2,0.58,0.013,1,4473.78,4472.37
9286,136,28-1-85,28-1-84,139.48,2,0.337,0.013,1,4474.35,4473.88
9287,136,28-1-86,28-1-85,159.14,2,0.339,0.013,1,4475.05,4474.51
9288,136,28-1-87,28-1-86,66.34,2,1.07,0.013,1,4475.86,4475.15
9289,136,28-1-88,28-1-87,262.85,2,0.297,0.013,1,4476.86,4476.08
9290,136,28-1-89,28-1-88,60.2,2,8.206,0.013,1,4482.11,4477.17
9291,136,28-1-21,28-1-89,173.53,1.25,1.106,0.013,1,4484.21,4482.29
97,136,1N-2-25,1N-2-24,197.41,3.25,0.07,0.013,1,4246.31,4246.17
971,136,3-4-29,3-4-28,354.68,0.83,2.57,0.013,1,4829.34,4820.23
972,136,3-4-30,3-4-29,399.43,0.83,2.7,0.013,1,4840.19,4829.42
973,136,3-4-31,3-4-30,449.57,0.83,2.88,0.013,1,4853.66,4840.7
974,136,3-4-32,3-4-31,362.53,0.83,2.97,0.013,1,4864.46,4853.69
976,136,3-4-34,3-4-32,69.31,0.67,3.56,0.013,1,4867.1,4864.63
98,136,1N-2-26,1N-2-25,11.33,2.75,0,0.013,1,4246.31,4246.31
99,136,1N-2-27,1N-2-26,203.08,2.75,0.06,0.013,1,4246.45,4246.33
Link7034,136,1N-3-6.1,1N-3-16,6.8,4,,0.013,1,4250.78,4250.76