name,id,x,y,ground_elevation,invert_elevation,node_type
10-1-12,134,50289.32,40260.19,4898.72,4886.6,
10-1-13,134,50635.53,40258.77,4914.47,4898.27,19
10-1-15,134,50913.17,40259.17,4924.84,4914.18,
10-1-17,134,50911.51,39957,4920.49,4914.92,
10-1-18,134,50909.93,39710.91,4923.76,4915.38,
10-1-19,134,51191.01,39708.43,4927.8,4915.87,19
10-1-59,134,49870.12,41798.42,4878.36,4865.48,19
10-1-6,134,49604.95,40268.93,4894.86,4883.4,19
10-1-60,134,49595.06,42083.15,4874.84,4862.57,
10-1-61,134,49587.33,42209.75,4873.75,4858.68,
10-1-7,134,49887.9,40262.13,4895.64,4884.78,19
10-2-1,134,50938.35,42233.57,4933.46,4915.26,
10-2-10,134,50939.45,42866.91,4858.16,4842.59,
10-2-11,134,50940.8,43051.38,4846.62,4835.77,19
10-2-2,134,51288.17,42233.39,4929.95,4918.88,
10-2-22,134,50940.48,43217.75,4845.38,4835.07,
10-2-23,134,51032.41,43411.09,4844.57,4834.14,19
10-2-3,134,51594.86,42234.81,4933.88,4920.2,19
10-2-37,134,51033.49,43704.32,4841.22,4832.83,
10-2-39,134,51035.9,44009.48,4839.85,4831.74,
10-2-41,134,51037.24,44312.32,4838.28,4830.53,
10-2-43,134,51038.63,44397.78,4838.04,4830.11,19
10-2-48,134,50956.96,44717.4,4835.89,4829.07,19
10-2-50,134,50818.46,44718.25,4833.33,4828.42,
10-2-51,134,50817.1,44833.86,4838.09,4827.94,
10-2-52,134,51541.85,44807.28,4850.41,4839.68,19
10-2-56,134,51600.65,44793.09,4851.61,4840.51,
10-2-57,134,51817.36,44713.59,4855.02,4843.76,19
10-2-62,134,51916.88,44676.95,4857.25,4845.51,
10-2-8,134,50938.96,42476.49,4905.52,4894.07,19
10-3-103,134,54727.03,43492.09,5043.19,5032.74,
10-3-33,134,52283.35,44463.24,4864.18,4852.43,19
10-3-36,134,52590.15,44190.63,4874,4864.28,19
10-3-68,134,52756.78,44019.07,4889.21,4878.09,
10-3-69,134,52971.64,43797.23,4919.18,4908.38,
10-3-70,134,53286.21,43590.47,4955.89,4945.32,
10-3-71,134,53467.27,43524.72,4975.16,4963.4,19
10-3-82,134,53733.45,43513.5,4997.95,4987.42,
10-3-83,134,54019.46,43499.58,5014.83,5002.29,19
10-3-96,134,54380.99,43491.89,5032.29,5017.79,19
10-3-97,134,54400.71,43492.04,5033.05,5018.66,
11-2-17,134,54989.59,43491.5,5055.09,5044.62,19
11-2-18,134,55028.36,43491.83,5057.05,5046.7,
11-2-19,134,55102.95,43491.38,5060.92,5050.08,19
11-2-21,134,55172.16,43491.28,5064.42,5053.17,19
11-2-23,134,55441.06,43491.49,5076.66,5065.66,19
11-2-27,134,55826.97,43502,5089.68,5079.35,19
11-2-31,134,56118.1,43574.47,5100.82,5090.41,19
11-2-36,134,56505.06,43669.46,5116.49,5104.83,
11-2-37,134,56593.88,43691.37,5118.78,5107.02,19
11-2-41,134,56797.16,43742.1,5123.98,5112.08,
11-2-42,134,56820.87,43748.4,5124.66,5112.77,19
11-2-44,134,57094.6,43815.8,5132.91,5118.16,19
11-2-74,134,57436.46,43900.8,5141.62,5121.12,19
11-2-81,134,56246.91,43607.58,5106.4,5095.15,19
11-2-86,134,55795.81,43499.01,5088.84,5078.13,19
11-3-11,134,57823.26,43993.25,5146.96,5135.17,19
11-3-12,134,58077.53,43960.67,5151.73,5139.21,19
11-3-18,134,58279.21,43858.58,5159.26,5146.59,
11-3-19,134,58403.4,43732.15,5162.48,5151.19,19
11-3-27,134,58515.11,43544.12,5164.63,5155.01,19
11-3-33,134,58610.99,43382.01,5169.37,5158.23,
11-3-34,134,58672.9,43277.92,5173.12,5159.66,
11-3-35,134,58756.33,43148.25,5177.39,5160.69,
11-3-36,134,59194.44,43132.69,5176.54,5162.16,19
11-3-37,134,59236.29,42861.28,5178.26,5163.05,
11-3-38,134,59370.22,42838.68,5176.72,5163.79,
11-3-39,134,59434.64,42678.82,5181.34,5164.5,
11-3-40,134,59543.92,42516.7,5190.18,5165.44,19
11-3-41,134,59746.31,42284.76,5173.7,5166.58,19
11-3-48,134,58451.91,43648.58,5162.81,5152.76,19
11-4-59,134,59889.23,41951.27,5182.09,5168.06,
12-2-1,134,60057.25,41975.44,5185.58,5168.54,
12-2-12,134,60862.16,42620.85,5211.3,5200.3,
12-2-13,134,60997.84,42658,5213.39,5202.67,19
12-2-15,134,61283.59,42647.74,5221.14,5207.69,19
12-2-17,134,61431.56,42633.07,5226.33,5213.13,
12-2-18,134,61541.14,42594.81,5228.92,5217.43,19
12-2-2,134,60076.5,42270.8,5175.76,5169.66,
12-2-22,134,61750.53,42520.42,5235.44,5225.07,
12-2-23,134,61999.37,42510.72,5244.25,5230.78,19
12-2-25,134,62362.73,42469.97,5259.53,5236.62,19
12-2-25.1,134,62564.14,42494.36,5267.04,5254.2,
12-2-3,134,60122.11,42431.67,5179.88,5171.04,19
12-2-5,134,60436.6,42539.71,5207.29,5184.78,19
12-2-7,134,60492.16,42428.67,5212.39,5193.28,19
12-3-1,134,62853.93,42490.33,5271.42,5263.8,
12-3-10,134,65156.22,42274.64,5369.99,5364.31,
12-3-10.1,134,65401.34,42100.07,5382.88,5377.91,19
12-3-2,134,63101.47,42446.87,5288.26,5272.95,
12-3-27,134,64063.68,42128.9,5330.07,5318.13,
12-3-28,134,64338.81,42013.73,5340.94,5326.2,
12-3-29,134,64553.25,41950.02,5350.87,5331.39,19
12-3-3,134,63331.28,42376.41,5300.82,5283.87,
12-3-30,134,64685.21,41960.63,5353.85,5334.43,
12-3-31,134,64811.12,42012.79,5352.62,5336.2,
12-3-32,134,64895.81,42055.38,5350.14,5338.14,
12-3-4,134,63527.82,42388.11,5306.73,5292.97,
12-3-5,134,63819.56,42300.58,5311.08,5302.5,
12-3-6,134,63635.48,42355.64,5309.48,5296.73,19
12-3-7,134,64947.15,42166.67,5356.91,5339.54,19
12-3-8,134,65030.93,42259.52,5362.46,5350.62,
12-3-9,134,65137.35,42289.67,5369.61,5363.17,
16-1-10,134,44875.33,66695.07,4399.09,4390.1,19
16-1-13,134,44993.15,66691.99,4399.88,4391.04,19
16-1-16,134,45093.22,66690.09,4400.17,4391.51,
16-1-17,134,45489.06,66681.81,4402.13,4393.69,19
16-1-18,134,45903.35,66672.86,4405.73,4396.11,
16-1-19,134,46288.62,66666.75,4408.23,4398.45,19
16-1-20,134,46741.06,66658.66,4410.57,4400.77,
16-1-8,134,44294.09,66706.97,4395.41,4386.92,
16-1-9,134,44699.01,66698.65,4397.75,4389.14,
16-2-10,134,45324.4,70030.3,4362.8,4356.3,19
16-2-11,134,45546.02,70028.32,4366.28,4354.76,19
16-2-17,134,45695.51,70012.16,4367.3,4359.15,19
16-2-3,134,45323.55,70014,4362.78,4357.34,
16-2-4,134,45534.28,70013.32,4366.12,4358.49,19
16-2-44,134,45458.53,70277.29,4364.26,4353.15,
16-2-45,134,45323.22,70658.56,4361.09,4350.71,
16-2-46,134,45163.46,71109.03,4357.32,4348.52,
16-2-47,134,45160.02,71118.74,4357.11,4348.28,
16-2-48,134,45059.4,71402.71,4354.83,4346.52,
16-2-49,134,45842.79,70012.09,4369.32,4360.03,19
16-2-51,134,46326.64,70010.24,4374.28,4365.07,
16-2-53,134,46616.11,70008,4377.68,4367.98,19
16-2-54,134,46612.57,69559.44,4376.94,4370.27,
16-2-55,134,46610.5,69121.44,4378.08,4371.94,
16-2-56,134,46778.17,69123.75,4379.18,4372.7,19
16-2-58,134,46793.54,68762.41,4382.02,4374.2,
16-3-27,134,47024.4,68616.14,4385,4375.22,19
16-3-29,134,47373.01,68415.12,4388.47,4378.35,
16-3-30,134,47526.93,68659.04,4390.66,4380.41,19
16-3-31,134,47729.06,68940.68,4394.85,4381.67,19
16-3-35,134,47951.14,69002.47,4397.55,4384.1,
16-3-36,134,48168.75,69003.31,4400.18,4389.51,
16-3-37,134,48372.29,68905.04,4403.66,4391.5,19
16-4-16,134,48492.61,66663.97,4425.95,4415.51,
16-4-17,134,48800.46,66666.84,4431.16,4418.73,
16-4-18,134,48802.62,66404.57,4428.56,4419.63,
16-4-19,134,48891.3,66223.61,4429.64,4420.64,19
16-4-6,134,47173.33,66651.57,4415.36,4405.08,
16-4-7,134,47595.56,66655.69,4418.08,4407.97,
16-4-8,134,48049.61,66660.16,4421.95,4411.85,
16-4-9,134,48176.84,66662.04,4422.7,4412.65,19
17-1-10,134,40760.9,66296.57,4379.25,4368.08,
17-1-11,134,40763.94,66696.91,4371.88,4359.94,
17-1-12,134,40766.12,66849.82,4368.01,4355.29,19
17-1-19,134,40767.17,67097.26,4361,4348.1,
17-1-20,134,40771.12,67423.12,4357.57,4344.56,19
17-1-21,134,41028.25,67306.7,4357.91,4349.11,
17-1-22,134,41253.74,67262.02,4359.58,4351.41,19
17-1-24,134,40776.21,67901.08,4353.62,4343.1,
17-1-25,134,40775.92,68159.11,4352.3,4341.71,19
17-1-30,134,40780.09,68394.4,4350.68,4340.55,
17-1-31,134,40780.09,68507.21,4350.22,4339.67,19
17-1-35,134,40754.98,66236.73,4380.1,4373.57,
17-1-36,134,40759.7,66738.23,4370.56,4364.35,
17-1-37,134,40762.26,67049.23,4362.16,4356.6,
17-1-38,134,40761.11,67388.39,4358.19,4351.99,
17-1-39,134,40746.28,67397.95,4358.02,4348.28,
17-1-39.1,134,40756.48,67915.85,4353.89,4344.55,
17-1-40,134,40747.52,67930.19,4353.78,4344.15,
17-1-41,134,40748.79,68233.42,4351.63,4342.24,
17-1-42,134,40754.9,68724.89,4349.59,4340.42,19
17-1-9,134,40761.92,66448.78,4376.43,4364.69,19
17-2-24,134,40482.19,70099.73,4336.17,4330.62,19
17-2-25,134,40793.31,70097.55,4339.64,4328.87,19
17-2-26,134,41280.31,70088.53,4346.34,4336.59,
17-2-27,134,41450.82,70086.36,4351.75,4341.96,19
17-2-29,134,41585.82,70084.15,4354.02,4345.88,
17-2-30,134,40788.81,69439.79,4341.27,4333.55,19
17-2-31,134,40952.15,69438.25,4341.49,4335.67,19
17-2-37,134,40948.83,69088.43,4343.4,4337.43,19
17-2-38,134,41077.6,69087.18,4344.86,4338.21,
17-2-39,134,41474.39,69084.41,4347,4339.76,
17-2-43,134,40784.55,69015,4346.61,4336.7,19
17-2-44,134,40784.06,68896.69,4348.05,4337.55,
17-2-45,134,40795.89,70594.78,4335.27,4325.59,
17-2-46,134,40796.28,70740.83,4334.3,4324.64,19
17-2-48,134,40797.35,71049.42,4332.72,4323.04,
17-2-49,134,40797.9,71500.76,4330.84,4320.78,
17-2-50,134,40758.05,69014.43,4346.61,4337.76,
17-2-53,134,40762.2,69727.16,4339.69,4332.57,
17-2-53.2,134,40761.17,69222.35,4343.82,4334.98,
17-2-54,134,40765.2,70229.44,4338.62,4330.65,
17-2-55,134,40766.85,70734.53,4334.6,4329.04,
17-2-56,134,40769.12,71229.02,4332.13,4325.97,
17-2-57,134,40769.13,71521.32,4330.8,4324.08,
17-3-1,134,41776.22,69082.85,4350.37,4345.57,
17-3-2,134,42089.59,69080.46,4360.92,4353.25,19
17-3-32,134,41831.6,70080.66,4356.14,4347.04,19
17-3-35,134,42036.19,70077.35,4357.64,4348.35,
17-3-36,134,42478.6,70069.44,4360.49,4351.1,
17-3-37,134,42843.23,70063.5,4363.31,4354.1,
17-3-38,134,43188.49,70058.23,4366.23,4356.81,
17-3-39,134,43587.81,70053.15,4369.95,4360.32,19
17-3-4,134,42087.2,68830.25,4362.72,4354.94,
17-3-41,134,43939.12,70046.76,4373.57,4362.99,19
17-3-44,134,43935.11,69696.55,4374.41,4364.94,
17-3-45,134,43930.68,69342.63,4375.55,4366.93,
17-3-46,134,43924.17,68996.2,4377.08,4368.58,
17-4-1,134,41617.95,67190.67,4364.47,4355.44,19
17-4-10,134,42357.8,66851.85,4368.11,4362,19
17-4-22,134,42639.61,66851.57,4373.05,4362.85,19
17-4-24,134,42878.11,66850.79,4375.94,4369.6,19
17-4-36,134,43150.79,66849.82,4381.14,4373.79,
17-4-37,134,43662.1,66847.4,4391.7,4382.3,
17-4-38,134,43663.69,66813.37,4391.3,4382.41,
17-4-39,134,43895,66749.22,4393.4,4382.96,
17-4-40,134,43894.73,66676.59,4393.25,4383.12,19
17-4-41,134,43888.32,66126.68,4392.88,4383.98,
17-4-46,134,43900.77,66716.85,4393.38,4384.53,
17-4-47,134,43899.63,67094.65,4391.41,4381.45,
17-4-48,134,43904.12,67447,4387.36,4378.38,
17-4-49,134,43909.46,67844.08,4383.72,4374.9,19
17-4-52,134,43914.73,68245.58,4381.2,4372.84,
17-4-53,134,43920.16,68643.28,4378.69,4370.83,
17-4-57,134,42367.22,68629.08,4366.84,4357.31,19
17-4-60,134,42432.89,68325.09,4368.32,4358.74,19
17-4-7,134,41797.02,66852.49,4370.82,4359.51,
17-4-9,134,42188.08,66852.52,4368.81,4361.87,
1N-2-101,134,29846.18,81560.39,4252.09,4244.08,
1N-2-102,134,29847.49,81713.66,4252.77,4244.31,
1N-2-103,134,29865.71,81713.14,4252.51,4244.41,19
1N-2-104,134,30229.62,81706.74,4252.04,4245.06,19
1N-2-105,134,30521.86,81702.21,4251.78,4245.37,
1N-2-106,134,30542.31,81708.58,4252.76,4245.7,
1N-2-106.1,134,30546.01,81704.07,4252.79,4247.63,
1N-2-106.2,134,30861.53,81813.801,4254.24,4247.14,19
1N-2-22,134,29815.31,81552.932,4252.45,4246.11,19
1N-2-24,134,29846.53,81504.17,4251.67,4246.15,
1N-2-25,134,29867.21,81307.85,4250.33,4246.31,
1N-2-26,134,29878.11,81304.77,4250.18,4246.31,
1N-2-27,134,30059.14,81396.79,4250.01,4246.45,
1N-2-28,134,30639.05,81516.65,4255.8,4247.85,
1N-2-29,134,30878.26,81539.95,4254.22,4248.53,
1N-2-30,134,31070.76,81554.34,4254.36,4248.92,
1N-2-54,134,30879.66,81805.321,4254.39,4248.25,19
1N-2-55,134,31027.96,81761.18,4254.95,4248.25,19
1N-2-CV1,134,29787.8,81556.042,4252.39,4243.27,
1N-2-CV2,134,29088.842,81544.632,4251.08,4236.34,
1N-3-10,134,32598.16,82069.37,4260.86,4252.8,
1N-3-11,134,33045.81,82029.38,4261.57,4253.86,
1N-3-12,134,33368.43,82001.32,4262.58,4255.7,
1N-3-13,134,31214.09,81793.43,4256.33,4250.57,19
1N-3-16,134,31449.11,81833.74,4255.62,4250.76,19
1N-3-20,134,31832.98,82037.06,4259.79,4251.2,
1N-3-21,134,32037.53,82101.11,4258.8,4251.61,
1N-3-24,134,32240.12,82107,4260.33,4252.08,19
1N-3-27,134,32604.1,82075,4260.86,4252.32,
1N-3-28,134,33053.26,82036.11,4261.48,4252.9,19
1N-3-29,134,33374.36,82007.65,4262.54,4253.5,
1N-3-5,134,31430.34,81654.18,4254.31,4249.17,
1N-3-6,134,31431.67,81816.6,4255.27,4249.77,
1N-3-6.1,134,31451.185,81827.25,4255.57,4249.88,
1N-3-7,134,31826.815,82028.96,4259.89,4251,
1N-3-8,134,32031.29,82094.08,4258.5,4251.38,
1N-3-9,134,32222.72,82100.98,4260.03,4251.85,
1S-2-23,134,60155.37,49754.89,5052.45,5042.6,
1S-2-24,134,60174.41,49705.09,5052.59,5043.69,19
1S-2-36,134,60180.18,49688.54,5052.94,5044.06,19
1S-2-37,134,60300.1,49382.77,5061.52,5052.44,
1S-2-38,134,60446.38,49011.78,5079.56,5069.18,
1S-2-39,134,60492.36,48892.97,5085.85,5073.52,19
2-3-60,134,60036.01,50051.67,5047.38,5037.79,
20-2-1,134,40730.11,63739.06,4402.25,4393.5,
20-2-10,134,40819.45,63487.99,4405.23,4395.11,
20-2-11,134,40732.97,63506.27,4405.08,4394.84,19
20-2-12,134,40732.63,63526.36,4404.86,4394.63,
20-2-13,134,40736.74,63901.37,4401.42,4391.32,
20-2-14,134,40740.84,64297.33,4401.15,4389.85,
20-2-15,134,40744.69,64699.83,4400.57,4388.24,
20-2-16,134,40748.71,65099.71,4392.31,4380.95,
20-2-17,134,40752.99,65499.2,4387.4,4377.1,
20-2-18,134,40756.9,65898.6,4384.35,4373.25,
20-2-2,134,40735.38,64237.6,4399.99,4392.76,
20-2-23,134,40758.51,65982.4,4383.27,4371.87,19
20-2-3,134,40741.29,64737.3,4399.6,4390.16,
20-2-4,134,40745.84,65240.2,4390.08,4383.9,
20-2-5,134,40751.96,65743.7,4385.64,4379.3,
20-2-6,134,42067.9,63502.95,4405.42,4396.79,
20-2-7,134,41735.92,63505.81,4402.03,4396.35,
20-2-8,134,41573.67,63486.17,4405.53,4395.69,
20-2-9,134,41222.65,63486.72,4413.03,4395.37,19
20-3-36,134,43886.99,66047.42,4393.13,4384.23,19
20-3-39,134,43881.84,65669.81,4394.55,4385.01,19
20-3-42,134,43881.58,65596.67,4394.97,4385.17,
20-3-43,134,43879.85,65412.69,4393.45,4385.45,
20-3-43.1,134,43875.08,65051.47,4394.78,4386.42,
20-3-44,134,44088.79,65411.18,4397.95,4387.93,19
20-3-48,134,43870.3,64682.3,4399.22,4389.99,19
20-3-68,134,43875.27,64979.13,4395.51,4387.07,19
20-4-15,134,41693.11,62046.66,4421.45,4411.8,19
20-4-32,134,41643.68,62216.57,4421.22,4403.67,
20-4-32.1,134,41640.63,62199.39,4420.66,4411.16,
20-4-33,134,41549.81,62388.98,4420.28,4403.36,
20-4-34,134,41545.18,62553.52,4415.02,4403.24,
20-4-35,134,41144.16,62561.2,4413.46,4403.01,19
20-4-36,134,40807.95,62566.56,4412.69,4402.95,19
20-4-37,134,40813.15,62680.49,4409.04,4402.56,19
20-4-38,134,40605.07,62754.22,4407.29,4401.05,
20-4-39,134,40606.1,63207.65,4404.43,4398.93,
20-4-40,134,40724.75,63274.93,4406.79,4394.5,
20-4-41,134,42054.08,62219.71,4421.51,4404.73,19
20-4-42,134,42204.81,62518.92,4419.35,4405.29,
20-4-43,134,42195.2,62623.67,4416.89,4405.59,19
20-4-44,134,42697.62,62616.37,4418.85,4406,
20-4-45,134,42837.59,62610.5,4420.32,4406.49,
20-4-46,134,43027.37,62633.82,4421.33,4406.67,19
20-4-47,134,43400.56,62623.62,4420.5,4407.07,19
20-4-48,134,43843.88,62626.34,4421.26,4407.62,
20-4-48.1,134,43841.37,62343.8,4424.47,4415.15,19
20-4-49,134,43849.84,62626.71,4421.34,4407.74,
20-4-50,134,43856,62924.1,4417.67,4408,
20-4-51,134,44173.3,62935.61,4418.32,4409.15,19
20-4-53,134,43838.99,62260.23,4425.76,4416.33,
20-4-53.1,134,43839.17,62174.83,4427.08,4417.39,19
20-4-54,134,43834.76,61905.01,4430.73,4421.26,
20-4-55,134,43830.54,61561.33,4437.44,4427.5,19
20-4-55.1,134,44160.64,61518.71,4439.16,4429.681,19
20-4-55.2,134,44226.91,61509.83,4439.95,4430.3,
20-4-56,134,43829.51,61498.26,4438.71,4429.08,
20-4-57,134,43816.96,61487.77,4439.06,4429.42,
20-4-57.1,134,43810.69,61454,4439.43,4429.92,
20-4-58,134,43764.56,61226.34,4442.59,4433.29,19
20-4-59,134,43751.29,61161.86,4443.83,4434.45,
20-4-60,134,41697.4,62052.46,4421.84,4413.19,
20-4-61,134,41744.34,61751.43,4423.51,4417.63,
20-4-62,134,41842.97,61599.81,4426.38,4419.52,
20-4-63,134,42065.81,61204.6,4429.78,4425.1,
20-4-64,134,42250.07,61014.52,4437.32,4428.57,
20-4-65,134,42389.67,60959.28,4438.95,4428.9,19
20-4-69,134,43298.14,62627.46,4421.04,4406.84,
21-1-1,134,44708.61,61446.75,4450.33,4437.31,
21-1-2,134,44912.31,61379.72,4456.77,4446.68,19
21-1-25,134,44419.72,62864.49,4420.35,4415.18,19
21-1-26,134,44548.86,62912.64,4420.87,4415.55,
21-1-27,134,45006.22,62959.47,4423.55,4418.01,
21-1-28,134,45362.75,62977.63,4429.54,4419.48,19
21-1-3,134,45071.73,61357.01,4462.88,4453.77,19
21-1-39,134,45650.67,62980.56,4430.67,4420.59,19
21-1-51,134,45687.31,62981.52,4431.12,4421.04,19
21-1-53,134,45931.06,62978.09,4433.2,4423.62,19
21-1-53.1,134,45991.75,62977.31,4433.56,4424.21,
21-1-57,134,45989.01,62987.05,4433.58,4425.22,
21-1-58,134,46208.95,62986.34,4434.78,4426.11,19
21-1-63,134,46203.17,62976.61,4434.69,4426.77,
21-1-64,134,46403.43,62975.66,4435.72,4429.38,
21-1-65,134,46518.53,62974.95,4436.07,4429.53,
21-1-66,134,46187.16,62708.44,4438.96,4429.49,
21-1-67,134,46163.09,62403.76,4443.98,4433.27,
21-1-68,134,46239.63,62297.22,4446.87,4435.08,19
21-1-70,134,46339.93,62384.82,4447.55,4438.18,
21-1-71,134,46430.83,62282.28,4451.03,4442.15,
21-1-72,134,46566.22,62276.72,4453.97,4443.95,19
21-1-74,134,46736.66,62269.95,4452.29,4445.13,
21-1-75,134,46838.97,62048.67,4456.07,4447.07,19
21-1-76,134,46808.14,61949.89,4457.78,4449.18,
21-1-77,134,46803.02,61496.23,4467.81,4457.22,19
21-2-20,134,44711.11,64674.82,4408.39,4398.59,19
21-2-21,134,44317.07,64678.65,4405.19,4395.71,
21-2-22,134,44769.98,64674.34,4408.84,4399,
21-2-23,134,45222.6,64670.63,4411.55,4402.5,
21-2-23.1,134,45324.05,64669.98,4411.93,4403.15,19
21-2-24,134,45643.11,64667.19,4414.86,4405.69,19
21-2-54,134,44436.31,65403.86,4400.14,4389.43,19
21-2-56,134,44526.63,65570.69,4401.14,4390.5,
21-2-57,134,44756.96,65569.8,4402.8,4391.27,
21-2-58,134,44775.31,65592.82,4402.67,4392.12,19
21-2-58.1,134,44827.05,65657.66,4403.99,4392.46,
21-2-71,134,44973.54,65737.13,4403.36,4392.88,
21-2-72,134,45269.06,65922.19,4403.04,4394.47,19
21-2-89,134,45626.78,66079.35,4404.08,4396.01,
21-2-90,134,45763.02,66009.36,4405.99,4396.62,
21-2-91,134,46021.02,66199.11,4404.83,4397.68,19
21-2-94,134,46186.56,66100.29,4407.4,4398.79,19
21-3-68,134,49175.86,66051.13,4432.79,4421.68,19
21-3-82,134,48068.53,63416.03,4449.63,4444.4,
21-3-83,134,48176.23,63418.3,4449.32,4444.71,
21-3-84,134,48399.05,63422.39,4453.72,4445.04,
21-3-84.1,134,48663.72,63416.62,4458.37,4449.87,
21-3-85,134,48871.5,63409.72,4460.83,4454.5,
21-3-86,134,49324.39,63406.44,4463.69,4456.55,
21-3-87,134,49525.15,63406.55,4468.63,4457.69,19
21-4-1,134,46875.09,61156.16,4500.37,4492.92,19
21-4-100,134,49518.19,61886.19,4506.66,4497.38,
21-4-101,134,49511.74,61784.64,4508.64,4499.15,
21-4-102,134,49510.95,61537.64,4513.55,4503.83,
21-4-103,134,49509.95,61188.02,4518.73,4509.84,
21-4-15,134,47199.27,61445.18,4472.91,4467.26,
21-4-16,134,47600.41,61393.32,4481.83,4474.22,
21-4-17,134,47885.33,61356.98,4487.51,4480.9,19
21-4-2,134,47345.36,61097.26,4502.78,4490.87,
21-4-3,134,47364.33,61095.1,4502.85,4490.78,19
21-4-4,134,47824.58,61037.39,4500.55,4489.24,
21-4-42,134,46938.67,62973.79,4442.87,4433.08,
21-4-43,134,47083.32,63139.73,4444.96,4434.22,
21-4-44,134,47583.83,63246.77,4448.88,4435.74,19
21-4-45,134,47597.43,63266.58,4448.89,4442.77,
21-4-46,134,47669.04,63290.33,4449.9,4443.77,
21-4-5,134,47936.29,61025.68,4501.07,4490.52,19
21-4-94,134,49525.04,63384.41,4468.03,4459.52,
21-4-95,134,49522.6,63038.81,4475.89,4465.23,
21-4-96,134,49521.32,62788.94,4481.69,4471.08,19
21-4-97,134,49520.3,62631.96,4484.83,4474.6,
21-4-98,134,49519.22,62286.04,4494.89,4485.68,19
21-4-99,134,49519.68,62049.38,4502.54,4492.44,19
22-1-39,134,49617.51,63403.15,4470.38,4459.27,
22-1-40,134,49890.19,63373.98,4477.72,4461.98,19
22-2-1,134,49934.92,63537.45,4476.47,4463.16,
22-2-22,134,50218.03,63916.82,4478.25,4468.35,
22-2-23,134,50359.76,64035.2,4479.31,4471.39,
22-2-24,134,50443.49,64063.11,4480.11,4472.94,
22-2-25,134,50692.19,64063.4,4488.43,4479,19
22-2-26,134,51031.13,64065.58,4497.22,4482.5,
22-2-27,134,51032.81,64293.26,4492.54,4483.64,
22-2-28,134,51242.7,64333.08,4500.89,4489.79,
22-2-29,134,51326.89,64367.31,4501.74,4490.57,
22-2-3.1,134,49998.11,63730.11,4475.22,4464.41,19
22-2-30,134,51341.5,64375.12,4501.54,4494.24,
22-2-31,134,51660.06,64373.08,4505.26,4500.89,
22-2-32,134,52169.38,64368.91,4515.01,4504.06,
22-2-32.1,134,52176.37,64196.77,4519.42,4511.13,
22-3-1,134,52191.26,63377.56,4535.82,4525.21,
22-3-2,134,52192.89,63797.94,4529.37,4519.14,
22-3-3,134,52194.54,64186.43,4520.29,4508.3,19
22-3-34,134,52222.83,64196.47,4519.91,4511.7,
22-3-35,134,52512,64194.56,4529.56,4522.43,
22-3-36,134,52912.02,64193.93,4545.42,4537.12,
22-3-37,134,53162.03,64191.77,4561.71,4556.05,
22-3-38,134,53361.74,64192.19,4566.84,4558.21,
22-3-39,134,53362.11,63977.35,4565.91,4560.43,
22-3-4,134,52195.45,64362.33,4515.91,4505.44,
22-3-40,134,53662.91,63976.87,4576.91,4570.16,
22-3-41,134,53665.34,64257.09,4578.39,4572.17,
22-3-42,134,54028.43,64253.85,4590.16,4581.76,
22-3-43,134,54415.02,64254.48,4609.35,4601.6,
22-3-43.1,134,54457.28,64253.87,4610.59,4602.25,19
22-3-44,134,54804.52,64244.23,4618.79,4605.64,
22-3-5,134,52195.09,64367.93,4515.7,4504.9,
22-4-15,134,52182.98,61862.57,4567.52,4556.74,19
22-4-46,134,52183.54,61902.83,4566.7,4555.54,
22-4-47,134,52184.34,62245.56,4558.82,4547.73,
22-4-48,134,52187,62596.89,4550.29,4539.4,
22-4-49,134,52187.24,62639.74,4549.05,4538.51,19
22-4-79,134,52188.65,62997.07,4540.57,4530.16,19
23-1-36,134,56901.26,61104.42,4813.34,4803.64,
23-1-37,134,56905.54,61397.18,4809.83,4801.22,
23-1-38,134,56908.49,61701.61,4799.81,4794.23,19
23-1-39,134,56906.81,62024.63,4778.04,4772.19,19
23-1-62,134,56908.86,62218.84,4759.78,4751.99,19
23-1-72,134,56928.06,62540.96,4727.12,4721.29,
23-1-73,134,57005.05,62887.92,4691.11,4685.77,
23-1-74,134,57091.87,63277.03,4658.21,4652.11,
23-1-75,134,57154.39,63540.03,4645.72,4632.72,19
23-1-75.1,134,57103.69,63549.18,4646.6,4631.9,
23-1-75.10,134,55840.77,63880.51,4647.3,4623.24,
23-1-75.11,134,55609.05,63836.07,4643.57,4622.3,
23-1-75.12,134,55358.12,63836.38,4645.31,4621.23,
23-1-75.13,134,55057.33,63839.47,4641.53,4620.54,
23-1-75.14,134,54849.02,63842.09,4627.6,4618.34,19
23-1-75.15,134,54852.57,64236.5,4618.71,4606.19,19
23-1-75.2,134,57093.19,63579.38,4646.53,4631.68,
23-1-75.3,134,56715.52,63693.09,4642.98,4628.28,19
23-1-75.4,134,56588.92,63859.23,4645.59,4627.53,19
23-1-75.5,134,56456.22,64033.79,4648.37,4626.59,
23-1-75.6,134,56338.15,64106.31,4649.83,4626.07,19
23-1-75.8,134,56200.18,64088.18,4651.05,4624.98,
23-1-75.9,134,56037.31,63978.09,4651.6,4623.97,19
23-1-77,134,57201.37,63528.52,4646.01,4632.96,
23-1-77.1,134,57218.26,63523.88,4646.1,4633.51,19
23-1-77.2,134,57240.84,63590.75,4643.6,4633.74,
23-1-83,134,57221.01,63615,4643.56,4634.13,19
23-2-10,134,57575.4,63566.26,4648.51,4639.09,
23-2-11,134,57647.58,63296.56,4654.98,4644.48,19
23-2-16.1,134,57750.15,63068.46,4667.83,4655.67,
23-2-16.2,134,57863.59,62981.9,4673.29,4660.17,
23-2-16.3,134,58142.51,62862.3,4675.97,4663.2,
23-2-16.4,134,58480.14,62646.86,4687.27,4675.59,
23-2-16.5,134,58738.15,62442.9,4694.47,4682.24,19
23-2-16.6,134,58904.68,62164.15,4703.37,4682.36,19
23-2-16.7,134,58953.78,62195.22,4708.36,4692.82,
23-2-16.8,134,58891.39,62333.45,4719.78,4704.98,19
23-2-16.9,134,59035.34,62420.61,4810.3,4798.87,19
23-2-17,134,57506.29,63857.73,4647.02,4637.42,19
23-2-6,134,57326.86,64109.52,4645.17,4636.22,
23-2-7,134,57340.33,64113.32,4645.01,4636.3,19
23-2-8,134,57414.17,63984.41,4644.63,4636.91,
23-2-9,134,57574.05,63770.57,4647.7,4638.26,
25-2-17,134,60670.38,59241.93,4881.95,4870.75,
25-2-18,134,60722.72,59273.18,4881.69,4875.46,
25-2-19,134,61084.99,59122.65,4887.55,4878.88,
25-2-20,134,61368.11,59066.01,4887.17,4880.65,19
25-2-25,134,61574.76,59023.5,4892.74,4882.03,
25-2-26,134,61910.63,59036.77,4908.07,4897.69,19
25-2-27,134,61953.42,58931.9,4911.5,4903.39,
25-2-28,134,61961.66,58749.48,4918.49,4912.2,
25-2-29,134,62014.2,58454.81,4941.69,4933.71,
25-2-30,134,62074.12,58131.63,4973.3,4956.62,
25-2-31,134,62137.91,58142.25,4973.83,4965.57,
25-2-32,134,62232.87,58155.87,4998.88,4990.87,19
25-2-39,134,62243.49,59056.98,4924.85,4916.84,
25-2-40,134,62499.91,59041.41,4937.29,4929.35,
25-2-41,134,62764.15,58997.14,4950.19,4943.75,19
25-2-42,134,63021.44,58901.68,4966.26,4953.57,19
25-2-6,134,60291.63,59448.06,4870.53,4860.32,
25-2-7,134,60602.44,59274.03,4879.7,4869.15,19
26-1-43,134,54765.99,57030.24,4809.99,4799.19,
26-1-44,134,54770.87,57451.87,4803.84,4797.72,
26-1-45,134,54775.53,57803.41,4805.08,4796.54,
26-1-46,134,54777.52,57927.98,4805.92,4795.62,19
26-1-47,134,55061.82,57925.49,4811.46,4801.44,19
26-1-88,134,55315.89,57923.36,4818.87,4808.27,19
26-1-90,134,55777.03,57919.32,4830.22,4821.18,
26-1-91,134,56206.37,57915.43,4845.66,4835.61,
26-1-92,134,56329.41,57913.25,4848.84,4839.86,19
26-1-93,134,56658.01,57909.11,4861,4850.53,
26-1-94,134,57085.12,57902.28,4889.19,4879.19,
26-1-95,134,57285.55,57941.71,4896.91,4887.29,
26-1-96,134,57318.33,57693.23,4910.26,4897.84,19
26-2-1,134,54780.09,58154.35,4806.42,4795.24,
26-2-11,134,54787.39,58702.96,4800.58,4791.11,
26-2-16,134,54790.97,58953.2,4797.31,4788.32,19
26-2-2,134,54783.61,58409.09,4804.68,4794.19,19
26-2-21,134,54791.5,59002.06,4796.69,4786.84,19
26-2-22,134,54795.35,59303.74,4794.32,4784.13,
26-2-23,134,54800.04,59652.94,4792.56,4782.97,
26-2-24,134,54804.54,59940.71,4788.88,4778.97,19
26-2-24.1,134,54805.01,60002.93,4788.49,4777.69,
26-2-28,134,54809.79,60353.62,4786.81,4776.92,
26-2-29,134,54815.12,60707.39,4784.3,4775.47,
26-2-30,134,55091.46,60704.82,4787.8,4778.91,19
26-2-32,134,55196.33,60705.39,4789.04,4780.67,
26-2-33,134,55348.09,60703.72,4791.05,4782.94,19
26-2-37,134,55599.93,60701.46,4794.63,4785.94,19
26-2-39,134,55643.25,60656.54,4795.21,4786.34,
26-2-94,134,56896.44,60690.49,4816.79,4807.95,
26-2-95,134,56926.24,60690.26,4817.19,4808.55,
26-2-96,134,57142.8,60688.49,4822.07,4813.19,19
26-2-96.1,134,57342.12,60688.1,4827.17,4816.67,19
26-2-99,134,57495.47,60686.16,4830.92,4820.45,19
26-3-1,134,57593.39,60685.39,4832.66,4822.35,19
26-3-23,134,58199.16,60574.43,4842.82,4833.43,
26-3-24,134,58492.13,60417.1,4848.89,4838.09,
26-3-25,134,58637.82,60339.37,4851.64,4840.72,19
26-3-3,134,57846.51,60683.32,4836.59,4827.69,
26-3-4,134,57921.71,60660.02,4837.72,4828.64,19
26-3-70,134,58648.95,60349.81,4852.33,4841.21,
26-3-71,134,58984.62,60170.26,4858.43,4846.8,19
26-3-72,134,59006.97,60196.39,4857.73,4847.62,
26-3-73,134,59217.22,60083.43,4861.7,4851.19,
26-3-73.1,134,59465.57,59951.3,4864.2,4855.06,19
26-3-73.5,134,59344.72,60013.95,4863.13,4854.81,
26-3-74,134,59484.05,59939.71,4864.34,4855.24,
26-3-75,134,59736.72,59803.58,4865.43,4855.69,
26-3-76,134,59821.38,59730.77,4866.42,4855.77,19
26-3-83,134,59909.36,59659.42,4866.4,4855.99,
26-3-84,134,60046.9,59582.85,4867.43,4858,19
27-1-45,134,52144.09,57954.31,4773.26,4765,
27-1-46,134,52141.68,57649.69,4783.84,4772.68,
27-1-47,134,52141.59,57568.24,4784.57,4772.98,19
27-1-47.1,134,52141.53,57484.39,4785.19,4773.29,19
27-1-48,134,52139.22,57254.1,4786.15,4774.33,19
27-1-49,134,52139.03,57219.56,4786.42,4774.54,19
27-1-51,134,52134.99,56742.66,4789.13,4778.61,
27-1-52,134,50131.04,55583.61,4590.24,4582.54,19
27-2-101,134,51104.89,60731.18,4568.5,4561.37,19
27-2-102,134,51501.67,60727.25,4577.89,4570.09,
27-2-103,134,51853.53,60724.02,4588.32,4578.17,
27-2-104,134,52167.39,60719.24,4602.51,4592.17,19
27-2-105,134,52164.19,60353.4,4615.79,4607.02,
27-2-106,134,52161.41,60002.07,4623.29,4613.87,
27-2-107,134,52159.59,59864.34,4626.86,4619.48,19
27-2-108,134,52159.14,59737.16,4633.42,4624.55,19
27-2-109,134,52158.8,59699.7,4635.79,4626.28,
27-2-110,134,52156.81,59463.91,4652.43,4643.27,19
27-2-111,134,52156.32,59350.07,4660.23,4650.95,
27-2-112,134,52155.14,59223.07,4668.77,4660,19
27-2-113,134,52152.33,58954.6,4688.62,4678.43,
27-2-114,134,52152.04,58718.03,4707.33,4699.12,19
27-2-115,134,52149.56,58602.5,4717.97,4709.3,
27-2-116,134,52148.68,58469.71,4730.54,4721.26,19
27-2-117,134,52146.72,58257.07,4750.81,4740.72,
27-2-118,134,52146.48,58226.88,4753.44,4743.18,19
27-2-3,134,49501.43,59415.4,4574.22,4565.13,19
27-2-4,134,49503.73,59798.61,4558.16,4547.91,
27-2-5,134,49505.11,60096.65,4546.98,4537.15,
27-2-54,134,49906.6,60781.27,4532.59,4523.37,
27-2-55,134,49980.09,60772.75,4534.75,4525.19,19
27-2-6,134,49507.01,60446.73,4533.84,4524.16,
27-2-69,134,50516.22,60732.36,4549.81,4539.48,
27-2-69.1,134,50267.1,60739.64,4542.59,4532.21,
27-2-7,134,49507.61,60828.97,4523.54,4514.29,19
27-2-70,134,50704.66,60734.83,4556.02,4546.11,
27-2-71,134,51054.9,60731.18,4567.01,4559.31,
27-3-102,134,53552.05,60712.18,4678.28,4668.83,
27-3-103,134,53899.84,60711.69,4709.98,4700.43,
27-3-104,134,54250.37,60712.84,4746.76,4735.74,
27-3-105,134,54545.02,60709.85,4773.5,4764.34,19
27-3-87,134,52499.2,60717.27,4617.2,4606.75,
27-3-88,134,52903.24,60715.1,4635.82,4626.95,
27-3-89,134,53205.59,60713.7,4653.1,4642.81,
27-3-90,134,53328.22,60713.23,4661.2,4652.08,19
27-4-24,134,52342.73,56740.79,4789.9,4779.61,19
27-4-25,134,52897.49,56733.18,4790.47,4782.04,19
27-4-29,134,53068.79,56649.39,4789.77,4782.73,19
27-4-31,134,53172.32,56599.69,4791.39,4783.31,
27-4-32,134,53432.54,56339.77,4795.23,4784.53,
27-4-33,134,53646.89,56127.31,4803.31,4793.13,
27-4-34,134,53762.77,56012.89,4809.84,4799.2,19
27-4-37,134,53929.49,55845.5,4820.77,4810.52,
27-4-38,134,54177.96,55598.77,4838.17,4827.03,
27-4-39,134,54343.04,55479.39,4847.92,4837.23,
27-4-49,134,54525.52,56791.46,4824.03,4814.72,19
28-1-21,134,44648.6,57590.91,4493.54,4484.21,19
28-1-30,134,44852.39,57506.02,4495.91,4485.77,
28-1-30.1,134,44925.85,57424.76,4498.65,4487.61,19
28-1-31,134,44976.51,57368.08,4499.74,4488.86,19
28-1-33,134,45035.02,57298.79,4500.74,4490,19
28-1-37,134,45236.36,57069.9,4507.1,4494.14,
28-1-38,134,45369.69,57057.28,4507.76,4495.63,19
28-1-49,134,45578.29,57040.07,4509.58,4498.54,
28-1-50,134,45655.03,57027.14,4510.69,4499.35,19
28-1-53,134,45757.42,57011.56,4512.22,4500.8,19
28-1-55,134,45776.61,57006.96,4512.56,4501.08,19
28-1-56,134,46028.79,56878.64,4516.98,4505.74,19
28-1-60,134,46132.31,56865.84,4519.77,4507.84,19
28-1-66,134,46630.95,56809.97,4527.11,4516.92,19
28-1-74,134,46648.69,56807.46,4527.19,4517.15,19
28-1-75,134,46669.69,56802.11,4527.18,4517.56,19
28-1-77,134,46844.45,56751.25,4529.16,4521.16,19
28-1-83,134,44497.98,58442,4482.87,4472.28,
28-1-84,134,44563.23,58201.64,4489.83,4473.78,
28-1-85,134,44503.37,58075.66,4488.91,4474.35,19
28-1-86,134,44428.18,57935.4,4489.2,4475.05,
28-1-87,134,44448.93,57872.39,4490.59,4475.86,19
28-1-88,134,44415.82,57611.63,4489.96,4476.86,19
28-1-89,134,44475.61,57604.61,4490.66,4482.11,
28-2-58,134,46863.17,59757.83,4536.68,4527,19
28-2-59,134,46864.17,59957.59,4533.63,4523.7,19
28-2-63,134,46865.38,60060.28,4532.01,4522.54,
28-2-64,134,46866.64,60269.11,4528.51,4519.53,19
28-2-68,134,46868.31,60417.77,4526.69,4517.56,
28-2-69,134,46869.83,60572.83,4524.76,4513.66,19
28-2-70,134,46871.18,60760.03,4518.55,4508.16,19
28-2-95,134,44315.79,58759.99,4478.43,4466.67,
28-2-96,134,44497.15,58678.85,4477.46,4469.17,
28-3-21,134,47914.96,59431.8,4536.43,4523.72,19
28-3-22,134,47915.14,59444.49,4536.19,4523.5,19
28-3-54,134,47915.63,59664.21,4531.11,4520.68,19
28-3-54.1,134,47918.87,59827.86,4528.72,4518.59,
28-3-56,134,47920.29,59971.12,4526.36,4516.52,19
28-3-61,134,47922.85,60227.15,4522.6,4513.4,
28-3-62,134,47926.74,60624.32,4515.59,4507.96,
28-3-63,134,47928.22,60655.77,4515.81,4506.74,19
28-4-10,134,47266.06,56490.04,4539.94,4530.33,19
28-4-11,134,47168.87,56600.46,4537.68,4527.83,
28-4-12,134,47001.42,56705.7,4532.95,4524.12,
28-4-13,134,47295.43,56455.34,4540.52,4531.32,
28-4-14,134,47400.72,56336.86,4542.31,4534.5,
28-4-15,134,47746.1,56101.32,4551.62,4542.15,19
28-4-18,134,47701.03,55997.66,4555.91,4546.42,
28-4-19,134,47683.95,55731.27,4565.05,4552.41,
28-4-20,134,47615.58,55546.97,4566.27,4554.84,
28-4-21,134,48080.16,55883.05,4558.38,4548.15,19
28-4-22,134,48382.93,55677.8,4565.71,4556.51,
28-4-23,134,48131.92,55941.14,4558.14,4549.98,
28-4-24,134,48351.74,55919.07,4559.24,4550.75,
28-4-25,134,48382.38,56241.72,4557.47,4553.33,
28-4-26,134,48581.48,56236.34,4561.41,4554.76,19
28-4-30,134,48596.48,56090.5,4564.77,4558.34,
28-4-31,134,48663.72,55939.42,4565.88,4560.01,
28-4-32,134,48921.02,55717.09,4573.01,4563.07,
28-4-33,134,49091.71,55714.2,4574.56,4564.81,
28-4-34,134,49088.47,55486.37,4575.86,4568.13,
28-4-35,134,49510.71,55481.93,4579.99,4572.68,
28-4-36,134,49982,55477.62,4589.91,4579.88,
28-4-36.2,134,50030.56,55441.17,4588.76,4580.31,19
29-3-1,134,42730.49,58201.74,4494.11,4483.99,19
29-3-12,134,43254.14,59163.89,4466.97,4454.13,
29-3-13,134,43371.95,59346.62,4464.65,4453.9,
29-3-2,134,42783.61,58329.4,4488.08,4478.79,
29-3-22,134,43482.85,59523.28,4464.16,4453.2,19
29-3-28,134,43609.91,59871.37,4464.31,4451.41,19
29-3-28.5,134,43569.78,59662.55,4464.01,4452.14,
29-3-29,134,43581.11,60191.44,4458.11,4447.54,
29-3-29.1,134,43596.71,60023.1,4462.84,4449.61,
29-3-3,134,42921.24,58628.8,4482.79,4473.39,19
29-3-30,134,43573.29,60410.1,4454.88,4444.98,
29-3-31,134,43611.35,60570.83,4452.56,4442.99,19
29-3-32,134,43659.55,60772.78,4449.63,4440.4,
29-3-33,134,42789.71,58330.11,4487.91,4483.85,
29-3-34,134,42937.08,58646.59,4482.21,4477.3,
29-3-35,134,43052.63,58830.78,4477.41,4472.95,
29-3-36,134,43154.63,58994.49,4472.16,4468.71,
29-3-37,134,43266.95,59174.37,4466.61,4463.21,
29-3-38,134,43301.84,59228.65,4465.37,4462.75,
29-3-39,134,43349.81,59304.6,4464.41,4460.56,
29-3-4,134,42930.21,58644.6,4482.36,4473.23,
29-3-40,134,43364.64,59358.04,4464.54,4453.85,19
29-3-41,134,43535.84,59763.14,4463.01,4447.01,
29-3-42,134,43460.26,59933.77,4458.9,4443.86,
29-3-43,134,43312.7,60121.92,4454.89,4438.79,
29-3-44,134,43114.56,60277.05,4449.75,4436.83,
29-3-45,134,43010.16,60354.25,4447.86,4435.99,19
29-3-48,134,42926.2,60415.03,4446.82,4434.92,19
29-3-51,134,42570.53,60680.81,4446.62,4431.69,
29-3-52,134,42438.75,60802.5,4441.44,4430.32,
29-3-63,134,43413.12,59325.19,4464.22,4454.09,
29-3-65,134,43430.36,59303.06,4463.51,4454.3,
29-3-66,134,43469.98,59274.07,4463.89,4454.91,19
29-3-67,134,43698.44,59159.47,4467.23,4457.43,
29-3-68,134,43838.44,59118.29,4471.03,4458.97,19
29-3-69,134,43946.83,59086.6,4471.31,4460.21,
29-3-7,134,43133.9,58970.91,4472.96,4460.97,
29-3-70,134,44105.65,59026.08,4471.97,4461.43,19
29-3-8,134,43207.63,59088.36,4469.16,4456.65,19
29-4-20,134,41654.78,57010.05,4505.03,4495.37,19
29-4-21,134,42000.13,57011.78,4510.27,4500.9,
29-4-22,134,42348.65,57014.08,4516.1,4506.22,
29-4-23,134,42650.77,57015.92,4520.41,4511.06,
29-4-24,134,42942.99,57017.14,4524.47,4515.26,
29-4-25,134,42958.66,56842.34,4524.97,4516.08,19
29-4-26,134,43127.14,56841.54,4542.07,4527.17,
29-4-27,134,43127.02,56338.07,4558.16,4545.11,
29-4-28,134,43124.95,56103.02,4560.06,4545.4,
29-4-29,134,43103,56091.66,4560.12,4545.56,
29-4-30,134,43101.8,55801.99,4561.58,4546.71,
29-4-31,134,41659.12,57541.53,4505.78,4493.91,
29-4-32,134,41662.51,57838.15,4504.47,4492.92,
29-4-33,134,41665.6,58149.61,4500.37,4491.97,
29-4-34,134,42017.04,58160.07,4508.28,4491.05,
29-4-35,134,42042.51,58212.69,4500.03,4490.96,
29-4-36,134,42263.85,58118.42,4507.06,4489.86,
29-4-37,134,42311.33,58274.14,4501.6,4489.65,
29-4-37.1,134,42342.66,58278.35,4501.72,4489.44,
29-4-37.2,134,42411.99,58242.79,4502.22,4489.09,
29-4-37.3,134,42472.6,58223.84,4499.56,4488.88,
29-4-38,134,42531.79,58177.74,4505.65,4488.67,
29-4-39,134,42718.02,58170.32,4495.9,4485.29,19
29-4-40,134,42712.5,58150.38,4497.2,4488.08,19
29-4-40.1,134,42718.72,58156.31,4496.55,4487.03,
29-4-40A,134,42713.254,58153.203,4497.2,0,
29-4-41,134,42661.65,57977.92,4508.18,4497.53,
29-4-42,134,42643.94,57820.58,4516.41,4504.48,
29-4-43,134,42617.77,57800.55,4517.08,4506.36,
29-4-44,134,42616.8,57685.02,4519.24,4513.13,
29-4-45,134,42679.17,57443.6,4521.55,4514.27,
29-4-46,134,42728.19,57175.04,4521.58,4515.5,
29-4-47,134,42729.62,57022.15,4521.45,4516.58,
29-4-48,134,42949.1,57021.04,4524.7,4518.74,
29-4-49,134,42959.49,56852.06,4524.34,4519.98,
29-4-50,134,43037.38,56851.11,4531.26,4521.79,
29-4-51,134,43033.75,56572.92,4537.16,4529.62,
29-4-52,134,43130.83,56570.27,4549.38,4539.67,
29-4-53,134,43132.62,56393.44,4554.5,4543.44,
29-4-54,134,43135.44,56142.26,4559.69,4545.12,19
29-4-55,134,43132.48,56088.93,4560.49,4545.52,
29-4-56,134,43112.76,56074.65,4560.14,4545.73,
29-4-57,134,43106.55,55811.23,4561.56,4546.34,
29-4-58,134,43104.66,55535.11,4562.16,4546.94,19
3-1-117,134,49542.35,44888.41,4805.23,4792.14,19
3-1-118,134,49582.57,44887.35,4805.66,4792.48,19
3-1-119,134,49979.86,44888.3,4811.25,4799.33,
3-1-119.1,134,50041.76,44888.24,4812.26,4800.42,19
3-1-120,134,50374.62,44884.87,4820.11,4806.26,
3-1-121,134,50394.29,44894.22,4820.74,4807.72,
3-1-13,134,50782.27,44893.86,4837.46,4827.46,
3-1-13.1,134,51190.47,44892.27,4845.95,4835.07,
3-1-14,134,51284.74,44871.24,4846.7,4836.14,19
3-1-30,134,49685.82,46539.81,4774.89,4765.73,19
3-1-32,134,49747.95,46539.31,4775.88,4766.73,
3-1-33,134,50051.39,46604.41,4781.8,4772.32,
3-1-34,134,50106.99,46616.23,4782.93,4773.17,19
3-1-37,134,50391.07,46677.62,4788.97,4776.81,19
3-1-39,134,50627.94,46728.68,4793.56,4786.05,
3-1-40,134,50677.62,46718.12,4794.88,4786.8,19
3-1-42,134,50962.68,46660.8,4799.62,4789.82,19
3-1-46,134,51066.69,46639.28,4801.28,4791.1,
3-1-47,134,51209.36,46606.1,4803.66,4793.99,19
3-1-48,134,51294.03,46585.26,4805.37,4795.57,19
3-1-70,134,51472.27,46540.03,4809.31,4799.28,19
3-1-72,134,51711.12,46461.18,4815.09,4805.48,19
3-1-75,134,51857.6,46413.45,4818.87,4809.38,
3-1-76,134,51959.2,46377.37,4821.86,4811.91,19
3-2-13,134,50312.96,48244.97,4830.51,4820.71,
3-2-14,134,50740.19,48012.51,4837.27,4824.91,
3-2-15,134,50957.54,48028.45,4840.39,4827.12,19
3-2-19,134,51285.94,47901.37,4846.24,4829.74,19
3-2-21,134,51513.21,47877.49,4850.05,4838.67,19
3-2-23,134,51845.61,47840.49,4855.73,4844.5,
3-2-5,134,49708.05,48254.61,4819.3,4804.62,19
3-2-6,134,49978.8,48250.17,4826.1,4812.65,19
3-3-1,134,52156.15,47769.91,4861.07,4850.48,
3-3-2,134,52241.5,47714.4,4862.59,4852.49,19
3-3-3,134,52355.25,47628.53,4864.21,4852.96,19
3-3-4,134,52472.55,47542.46,4866.45,4855.25,
3-4-28,134,52285.06,46261.35,4834.31,4820.01,19
3-4-28.1,134,52241.29,46277.56,4831.6,4819.26,
3-4-29,134,52619.32,46142.73,4841.72,4829.34,
3-4-30,134,52995.9,46009.58,4850.6,4840.19,
3-4-31,134,53419.59,45859.25,4864.61,4853.66,
3-4-32,134,53761.14,45737.72,4877.85,4864.46,19
3-4-34,134,53826.45,45714.51,4879.23,4867.1,19
3-4-84,134,53441.74,47219.58,4884.07,4871.37,19
3-4-90,134,53159.86,47219.28,4879.21,4867.38,19
3-4-92,134,52861.06,47298.43,4875.08,4861.78,19
3-4-94,134,52661.3,47404.91,4870.18,4856.32,19
3-4-95,134,52632.62,47424.88,4869.64,4855.87,19
32-3-1,134,43100.41,55517.57,4561.92,4547.45,
32-3-13,134,43088.35,53149.79,4567.22,4553.09,
32-3-14,134,43106.67,55490.78,4561.76,4547.04,19
32-3-15,134,43102.13,54966.02,4559.85,4548.59,
32-3-16,134,43099.96,54441.62,4559.2,4549.69,19
32-3-2,134,43098.57,55153.66,4560.21,4548.49,
32-3-20,134,43099.39,54278.89,4560.81,4550.25,19
32-3-22,134,43098.88,53976.52,4562.23,4550.85,19
32-3-24,134,43098.1,53903.23,4562.7,4551.22,
32-3-25,134,43096.92,53654.31,4563.62,4551.82,19
32-3-27,134,43096.35,53549.86,4565.03,4552.03,
32-3-28,134,43094.99,53405.4,4567.58,4552.36,
32-3-29,134,43091.87,53197.32,4567.99,4552.76,
32-3-29.1,134,43093.56,53025.66,4565.72,4553.19,19
32-3-3,134,43096.95,54754.91,4557.53,4549.72,
32-3-31,134,43092.56,52902.92,4565.04,4553.77,19
32-3-4,134,43095.17,54436.31,4558.68,4550.21,
32-3-5,134,43094.4,54354.91,4560.03,4550.45,
32-3-6,134,43092.89,53955.53,4562.24,4551.34,
32-3-7,134,43091.22,53653.99,4563.11,4552.13,
32-3-8,134,43091.21,53553.68,4564.6,4552.3,
32-3-9,134,43090.03,53423.38,4567.41,4552.47,19
32-4-1,134,43070.04,50253.63,4627.74,4618.3,
32-4-14,134,43249.69,51119.54,4609.93,4600.04,
32-4-15,134,43079.02,51306.71,4591.26,4577.87,
32-4-16,134,43081.56,51653.45,4573.84,4564.82,
32-4-17,134,43083.72,52052.6,4567.85,4559.35,19
32-4-2,134,43069.85,50283.22,4626.34,4615.4,
32-4-28,134,43085.28,52367.22,4565.48,4555.15,
32-4-29,134,43091.03,52367.82,4565.43,4555.18,
32-4-2A,134,43070.075,50303.167,4626.34,4615.6,
32-4-3,134,43070.6,50522.56,4617.34,4605.95,
32-4-32,134,43087.03,52712.65,4563.9,4554.41,
32-4-33,134,43086.7,52731.9,4563.82,4554.22,
32-4-4,134,43094.63,50900.57,4612.4,4602.4,
32-4-42.1,134,43077.04,50256.32,4627.97,4617.36,
32-4-43,134,43076.95,50298.44,4625.64,4614.42,
32-4-44,134,43077.06,50638.65,4613.76,4609.34,
32-4-45,134,43087.82,50883.06,4612.5,4605.75,
32-4-46,134,43157.96,50984.28,4612.04,4602.61,
32-4-47,134,43245.18,51113.31,4609.6,4599.94,
32-4-48,134,43124.75,51242.12,4596.08,4586.25,
32-4-49,134,43102.2,51319.4,4590.84,4583.01,
32-4-5,134,43260.53,51108.28,4611.19,4601.48,19
32-4-50,134,43086.67,51665.26,4573.48,4568.82,
32-4-51,134,43090.62,52019.96,4568.28,4563.76,
32-4-52,134,44086.96,52359.01,4623.49,4615,
32-4-53,134,44059.15,52321.83,4623.85,4613.64,
32-4-54,134,43820.89,52332.47,4613.93,4601.91,
32-4-55,134,43484.38,52331.56,4586.91,4574.62,
32-4-56,134,43263.45,52331.56,4574.53,4562.92,
32-4-57,134,43090.93,52330.3,4565.53,4556.23,19
33-1-113,134,44301.03,52854.05,4630.85,4621.74,
33-1-114,134,44461.21,52859.94,4634.09,4624.48,
33-1-3,134,44283.4,51365.07,4652.43,4642.4,19
33-1-49,134,44286.1,51709.36,4645.5,4634.79,
33-1-50,134,44287.97,52004.52,4639.76,4628.23,19
33-1-72,134,44289.04,52060.18,4638.13,4627.13,
33-1-73,134,44290.42,52358.46,4632.63,4620.3,
33-1-74,134,44290.88,52368.4,4632.99,4620.88,
33-1-75,134,44295.3,52587.69,4630.51,4621.24,19
33-2-45,134,44462.3,53024.95,4634.63,4624.92,19
33-3-3,134,47517.4,54327.84,4589.76,4571.95,19
33-3-34,134,47612.93,55250.04,4569.04,4556.73,
33-3-35,134,47609.47,55019.64,4570.59,4558.88,19
33-3-36,134,47611.45,54648.21,4577.52,4564.43,
33-3-36.1,134,47531.17,54379.64,4589.67,4571.46,
33-3-37,134,47916.22,54224.78,4597.47,4585.85,19
33-3-50,134,48598.58,55391.7,4572.93,4562.57,
33-3-51,134,49001.88,55140.63,4581.12,4568.71,19
33-3-51.1,134,49350.93,54953.46,4584.58,4571.69,
33-3-51.2,134,49561.16,55005.1,4584.11,4575.56,
33-3-60,134,47901.42,53880.99,4612.93,4603.43,
33-3-61,134,47889.33,53795.73,4614.41,4604.71,
33-3-62,134,47836.65,53692.84,4615.6,4605.7,19
33-3-63,134,48042.09,53592.48,4620.26,4608.21,
33-3-64,134,48080.65,53449.58,4622.38,4608.83,
33-3-65,134,48077.9,53127.57,4621.26,4610.21,
33-4-106,134,48058.87,52813.51,4620.28,4611.61,19
33-4-63,134,47952.8,52515.09,4631.96,4619.49,19
33-4-64,134,48223.83,52515.63,4633.48,4621.24,
33-4-65,134,48341.45,52515.27,4634.12,4625.25,
33-4-66,134,48405.48,52385.8,4639.6,4629.99,
33-4-67,134,48476.87,52373.26,4641.03,4631.13,19
33-4-77,134,48787.66,52321.97,4645.89,4635.72,
33-4-78,134,48942.3,52284.29,4648.74,4637.48,
33-4-79,134,49261.13,52306.48,4653.35,4643.96,19
33-4-90,134,49339.76,52311.82,4655.18,4645.01,
33-4-91,134,49436.84,52218.48,4657.91,4647.3,
33-4-92,134,48051.29,52699.36,4622.47,4612.67,19
34-1-19,134,49550.13,51888.13,4665.1,4655.12,19
34-1-20,134,49684.44,51908.03,4666.7,4655.88,
34-1-21,134,50032.63,51947.35,4668.22,4657.56,
34-1-22,134,50065.69,51949.75,4669.32,4657.59,19
34-1-23,134,50154.51,51815.51,4673.73,4658.19,
34-1-24,134,50324.78,51812.43,4676.18,4661.82,
34-1-25,134,50456.62,51510.38,4675.72,4664.66,
34-1-26,134,50784.53,51506.22,4684.38,4670.83,19
34-2-10,134,51461.57,52824.59,4646.28,4636.34,
34-2-11,134,51537.99,52823.11,4647.63,4637.74,19
34-2-12,134,51670.88,52821.23,4650.7,4640.41,19
34-2-13,134,51862.65,52820.13,4655.57,4644.46,
34-2-14,134,51997.17,52818.36,4658.16,4647.02,19
34-2-15,134,49831.88,53515.94,4612.84,4602.18,
34-2-16,134,49847.47,53813.35,4611.5,4600.69,
34-2-17,134,49863.1,54113.28,4610.25,4599.08,
34-2-18,134,49880.66,54446.55,4600.91,4589.03,19
34-2-18.1,134,49870.63,54572.68,4595.55,4586,
34-2-19,134,49852.54,54810.17,4593.55,4578.51,
34-2-20,134,49937.21,54868,4592.72,4580.44,
34-2-21,134,50118.16,54803.78,4594.82,4585.38,
34-2-22,134,50423.88,54737.13,4600.14,4589.77,19
34-2-23,134,50424.38,54450.67,4606.09,4593.72,
34-2-24,134,50480.68,54386.81,4607.1,4595,19
34-2-31,134,50768.32,54284.54,4610.76,4599.77,19
34-2-35,134,50843.89,54257.89,4611.44,4601.11,
34-2-36,134,51049.5,54184.87,4614.85,4604.51,19
34-2-39,134,51220.65,54123.86,4620.92,4607.36,
34-2-4,134,49815.67,53188.58,4622.26,4612.18,19
34-2-40,134,51547.99,54013.45,4625.77,4613.97,19
34-2-41,134,51658.23,53972.55,4626.68,4616.36,
34-2-49,134,51937.62,53870.74,4630.74,4622.24,
34-2-5,134,50027.31,53027.32,4628.89,4618.33,
34-2-6,134,50278.99,52839.6,4633.88,4623.25,19
34-2-7,134,50366.74,52835.48,4633.69,4624.09,19
34-2-73,134,51233.27,52826.12,4643.06,4631.33,19
34-2-75,134,50701.55,52832.21,4634.63,4626.01,19
34-2-8,134,50662.32,52832.83,4634.44,4625.71,
34-2-9,134,51061.67,52828.08,4639.87,4628.59,
34-2-9.1,134,51319.45,52825.79,4644.22,4633.52,19
34-3-1,134,52359.41,52815.06,4664.94,4654.5,19
34-3-10,134,52916.35,53494.51,4651.07,4641.04,
34-3-11,134,53055.53,53464.91,4654.73,4643.77,19
34-3-12,134,53197.78,53377.9,4657.79,4647.09,
34-3-13,134,53494.63,53199.9,4666.44,4649.34,
34-3-14,134,53653.02,53197.18,4666.81,4649.94,19
34-3-19,134,53660.49,53269.87,4663.77,4650.5,19
34-3-2,134,52658.21,52811.71,4671.85,4660.29,
34-3-23,134,54327.39,52957.5,4676.78,4663.9,19
34-3-26,134,54465.63,53056.85,4675.49,4664.15,
34-3-26.1,134,54565.52,52909.14,4677.26,4666.68,
34-3-28,134,53677.21,53459.7,4662.58,4651.07,
34-3-29,134,53742.99,53600.24,4664.14,4651.86,19
34-3-3,134,52917.62,52809.45,4676.74,4666.66,19
34-3-31,134,53927.9,53508.62,4665.58,4654.19,
34-3-32,134,54127.68,53462.89,4666.38,4656.13,
34-3-33,134,54324.75,53438.97,4678.7,4662.66,
34-3-34,134,54531.22,53346.28,4696.13,4664.23,
34-3-35,134,54679.43,53270.93,4691.68,4665.34,19
34-3-37,134,54743.71,53173.44,4678.08,4666.35,19
34-3-7,134,52265.12,53745.97,4639.56,4628.98,19
34-3-8,134,52188.52,53778.71,4636.8,4627.86,
34-3-87,134,54621.48,55402.04,4860.99,4850.54,19
34-3-88,134,54191.53,52869.89,4678.06,4663.66,
34-3-89,134,53920.35,52800.65,4679.23,4663.1,19
34-3-9,134,52779.64,53610.26,4646.71,4637.69,
34-3-9.0,134,52538.18,53628.06,4644.61,4633.97,19
34-3-90,134,53785.89,52800.86,4680.32,4662.78,19
34-3-91,134,53766.86,52908.4,4673.96,4662.64,
34-3-92,134,53721.01,52985.03,4671.19,4662.27,
34-3-93,134,53667.58,53097.05,4670.2,4659.55,
34-4-41,134,54056.9,50165.86,4784.99,4774.17,
34-4-42,134,54071.88,50152.06,4785.58,4775.25,19
34-4-43,134,54207.82,50298.14,4783.87,4772.46,
34-4-44,134,54431.96,50327.58,4772.15,4761.21,19
34-4-46,134,54674.91,50390.24,4755.91,4748.89,
34-4-47,134,54826.44,50713.65,4752.79,4742.05,19
34-4-49,134,54718.41,50885.59,4745.34,4735.89,
34-4-50,134,54506.47,51222.89,4735.25,4725.11,
34-4-51,134,54292.5,51562.04,4725.24,4714.89,
34-4-52,134,54079.8,51901.94,4714.88,4704.84,
34-4-53,134,53860.53,52257.74,4703.63,4694.96,
34-4-54,134,53914.73,52270.04,4704.64,4692.76,19
34-4-59,134,53917.38,52461.35,4697.54,4687.18,
34-4-64,134,54661.54,52773.37,4684.09,4673.08,
34-4-64.2,134,54680.36,52697.28,4688.79,4677.41,
34-4-64.3,134,54712.51,52471.22,4694.9,4678.63,19
35-1-1,134,54928.65,50552.13,4757.45,4748.19,19
35-1-2,134,55029.23,50579.66,4758.85,4748.36,
35-1-25.1,134,54945.37,52493.83,4697.17,4681,19
35-1-25.2,134,55270.19,52513.8,4696.94,4683.33,
35-1-25.3,134,55659.34,52515.61,4695.52,4685.73,
35-1-27,134,55670.13,52508.75,4695.66,4685.82,
35-1-28,134,55879.72,52477.56,4699.91,4688.59,
35-1-29,134,55980.69,52434.6,4702,4691.11,19
35-1-3,134,55400.52,50421.9,4762.54,4751.9,
35-1-30,134,56034.31,52410.88,4703.3,4692.48,
35-1-31,134,56280.57,52250.76,4708.99,4699.02,19
35-1-35,134,56499.3,52108.27,4714.17,4704.77,
35-1-36,134,56654.21,51721.78,4730.57,4720.17,
35-1-37,134,56810.61,51247.33,4745.34,4734.23,
35-1-38,134,56956.9,50802.82,4758.08,4747.21,
35-1-39,134,56979.96,50516.47,4769.45,4753.71,
35-1-4,134,55613.94,50330.66,4766.23,4753.97,
35-1-40,134,57016.23,50404.36,4773.41,4755.92,
35-1-41,134,57015.88,50332.94,4775.08,4757.21,19
35-1-42,134,57258.79,50324.76,4769.85,4759.47,
35-1-42.1,134,57461.31,50352.37,4770.54,4760.92,19
35-1-43,134,55469.93,52765.65,4690.85,4677.68,
35-1-44,134,55724.92,52764.24,4695.54,4682.86,
35-1-45,134,56002.1,52710.33,4700.62,4687.41,
35-1-46,134,56106.95,52697.66,4703.19,4692.64,
35-1-48,134,56138.39,52757.38,4706.18,4696.84,19
35-1-5,134,55732.61,50309.04,4767.4,4754.76,19
35-1-6,134,55917.28,50274.93,4768.52,4756.41,
35-1-7,134,56217.92,50287.19,4770.25,4758.42,
35-1-8,134,56307.65,50291.14,4770.8,4760,19
35-2-1,134,54949.59,53072.37,4678.26,4667.79,
35-2-2,134,55269.62,53004.36,4684.7,4671.32,
35-2-36,134,56138.26,52893.21,4778.49,4771.8,
35-2-37,134,56142.53,53064.44,4840.73,4833.43,
35-2-38,134,56244.48,53149.36,4846.75,4834.38,
35-2-39,134,56308.59,53145.48,4844.07,4834.67,19
35-2-42,134,56485.88,53130.8,4845.62,4835.49,19
35-2-44,134,56732.43,53110.11,4849.85,4841.51,19
35-2-46,134,56853.54,53009.97,4853.48,4844.5,
35-2-47,134,56969.82,52994.98,4856.45,4846.56,19
35-2-49,134,57126.97,53252.47,4865.56,4854.99,19
35-2-55,134,57149.75,53290.12,4866.51,4855.27,19
35-2-57,134,57338.29,53439.73,4879.93,4869.06,19
35-2-59,134,57384.08,53626.81,4887.64,4874.42,
35-2-60,134,57489.1,53647.91,4896.46,4882.91,19
35-2-68,134,57291.29,55396.67,4950.51,4940.31,
35-2-69,134,56991.3,55398.06,4939.44,4929.13,
35-2-70,134,56903.72,55398.41,4936.21,4925.68,19
35-2-71,134,56608.62,55399.98,4925.2,4915,
35-2-72,134,56592.44,55400.43,4924.58,4914.49,19
35-2-73,134,56192.16,55402.48,4909.88,4900.49,19
35-2-74,134,55907.92,55403.36,4900.85,4891.1,
35-2-75,134,55375.73,55402.78,4886.66,4877.37,
35-2-75.1,134,55272.39,55404.15,4883.92,4874.61,19
35-2-76,134,55028.87,55402.12,4876.55,4868.24,19
35-3-106,134,57632.53,55395.12,4965.8,4952.81,19
35-3-107,134,58040.65,55392.84,4989.88,4978.93,
35-3-108,134,58443.01,55391.01,5013.3,4992.88,
35-3-109,134,58494.54,55390.99,5015.91,5004.72,19
35-3-110,134,58838.35,55389.52,5029.54,5015.02,19
35-3-111,134,59179.41,55389.43,5040.46,5029.23,19
35-3-15,134,57540.66,53658.26,4900.54,4886.97,
35-3-16,134,57577.88,53663.32,4901.42,4895.03,
35-3-17,134,57925.87,53705.48,4927.17,4917.89,19
35-3-21,134,57926.61,53721.29,4927.39,4919.81,
35-3-22,134,58000.68,53729.37,4934.03,4924.64,19
35-3-26,134,58312.06,53758.68,4953.22,4945.82,19
35-3-29,134,58325,53759.46,4953.9,4946.79,
35-3-30,134,58542.2,53727.72,4964.88,4958.73,19
35-3-33,134,58622.04,53714.92,4970.37,4963.16,19
35-3-50,134,58697.13,53703.62,4975.76,4967.61,
35-3-51,134,58936.6,53619.68,4992.79,4979.65,19
35-3-52,134,59070.31,53572.85,4999.19,4986.71,
35-3-53,134,59361.49,53572.77,5016.4,5004.53,19
35-3-55,134,59522.51,53572.39,5025.14,5010.93,
35-3-56,134,59628.4,53623.03,5029.91,5015.48,19
35-3-58,134,59690.13,53653.53,5031.61,5015.99,19
35-3-60,134,59825.82,53718.7,5033.12,5016.76,
35-3-61,134,60139.17,53723.95,5030.1,5018.07,19
35-4-1,134,57624.44,50376.87,4780.39,4762.53,
35-4-10,134,58135.18,50408.22,4900.65,4890.77,19
35-4-13,134,58227.61,50103.27,4907.4,4897.37,19
35-4-14,134,58541.27,50095.59,4914.62,4907.45,
35-4-15,134,58959.59,50084.72,4943.46,4923.35,
35-4-16,134,58947.87,50263.2,4944.48,4928.6,19
35-4-2,134,57721.26,50389.65,4784.24,4776.49,19
35-4-26,134,59396.65,50262.47,4993.14,4986.56,19
35-4-27,134,59375.74,50406.48,4997.99,4989.91,19
35-4-31,134,59538.99,50407.62,5039.09,5031.48,
35-4-32,134,59891.61,50407.47,5046.38,5033.93,19
35-4-4,134,57795.76,50400.51,4790.82,4780.76,19
35-4-5,134,58005.77,50410.39,4893.33,4882.65,19
35-4-9,134,58044.5,50409.97,4898.7,4888.46,
4-1-77,134,44274.67,50220.13,4669.74,4658.96,19
4-1-78,134,44507.13,50218.46,4674.38,4664.34,
4-1-79,134,44928.94,50216.18,4683.32,4673.3,
4-1-80,134,45042.91,50214.56,4686.06,4675.23,19
4-1-83,134,45379.89,50213.43,4694.18,4682.02,
4-1-84,134,45569.82,50212.54,4699.95,4687.92,19
4-1-89,134,45831.37,50211.11,4706.47,4695.96,
4-1-90,134,46134.04,50209.84,4712,4699.59,
4-1-91,134,46397.85,50208.48,4718.53,4703.08,19
4-1-92,134,46723.29,50205.67,4729.11,4720.21,
4-1-93,134,46873.62,50205.37,4732.29,4722.06,19
4-1-96,134,44260.07,47624.54,4686.81,4676.39,19
4-2-38,134,47149.89,50205.92,4732.89,4723.91,19
4-2-43,134,47415.66,50203.95,4735.42,4724.97,19
4-2-68,134,47460.72,50204.71,4735.94,4725.12,19
4-2-69,134,47620.19,50202.65,4737.85,4725.58,
4-2-70,134,47706.9,50202.48,4740.59,4729.05,19
4-2-72,134,47876.95,50200.83,4746.55,4735.19,19
4-2-73,134,48129.49,50152.83,4751.29,4738.92,
4-2-73.1,134,48281.36,50015.98,4754.17,4741.27,19
4-2-74,134,48305.02,49992.66,4755.19,4742.04,
4-2-75,134,48602.08,49647.15,4782.36,4769.74,
4-2-76,134,48692.49,49339.31,4800.81,4789.29,19
4-2-77,134,48685.77,49004.35,4804.79,4792.12,
4-2-78,134,48688.1,48679.01,4807.8,4794.99,
4-2-79,134,48888.63,48374.12,4811.04,4797.29,
4-2-80,134,49010.42,48321.75,4812.54,4798.28,19
4-2-89,134,49147.05,48263.77,4814.78,4799.57,
4-2-90,134,49432.27,48255.77,4816.77,4801.11,
4-3-38,134,47286.19,46553.23,4729.03,4724.23,
4-3-39,134,47819.61,46514.83,4742.99,4732.03,
4-3-40,134,47884.13,46472.56,4745.18,4733.35,19
4-3-43,134,48023.57,46379.9,4745.51,4734.98,19
4-3-45,134,48063.07,46353.68,4746.31,4735.3,19
4-3-49,134,48176.62,46351.48,4748.16,4737.41,
4-3-50,134,48371.9,46349.08,4751.51,4741.59,19
4-3-56,134,48767.31,46415.964,4761.87,4747.59,19
4-3-60,134,49175.77,46477.634,4767.72,4754.17,19
4-3-61,134,49486.46,46536.79,4772.12,4761.49,19
4-3-62,134,49500.9,46539.62,4772.13,4761.77,
4-4-1,134,44237.44,44955,4738.01,4725.84,19
4-4-10,134,44240.33,45266.82,4732.82,4723.84,
4-4-11,134,44243.16,45586.48,4732.13,4721.62,19
4-4-113,134,44238.82,44917.74,4739.54,4726.51,
4-4-114,134,44382.72,44901.13,4750.24,4736.1,
4-4-114.1,134,44299.11,44910.6,4743.79,4731.8,
4-4-115,134,44775.06,44902.09,4775.32,4765.06,
4-4-2,134,44239.06,44941.06,4738.68,4726.09,
4-4-22,134,44244.51,45612.87,4731.51,4721.4,
4-4-23,134,44246.79,45966.77,4726.46,4719.01,
4-4-24,134,44249.27,46314.1,4709.12,4692.18,
4-4-25,134,44249.59,46384.49,4705.31,4690.61,
4-4-26,134,44253.31,46684.63,4695.07,4683.78,19
4-4-58,134,44253.92,46712.4,4694.33,4683.18,
4-4-59,134,44253.79,46720.41,4693.98,4682.76,
4-4-60,134,44553.38,46718.25,4697.02,4686.4,
4-4-61,134,44851.2,46721.74,4701.12,4688.68,19
4-4-65,134,44852.07,46689.62,4701.12,4690.3,
4-4-66,134,45207.31,46584.69,4706.31,4695.8,
4-4-67,134,45529.71,46489.44,4710.99,4700.49,
4-4-68,134,45600.92,46470.13,4712.07,4702.14,19
4-4-69,134,45852.35,46400.92,4715.98,4706.03,19
4-4-71,134,46083.54,46266.1,4719.67,4709.88,
4-4-72,134,46246.72,46309.38,4721.34,4711.54,
4-4-73,134,46343.29,46050.12,4722.38,4713.71,
4-4-74,134,46550.86,46126.39,4725.27,4715.93,
4-4-75,134,46588.97,46167.06,4726.4,4716.38,19
4-4-77,134,46779.71,46372.46,4731.27,4718.78,
4-4-78,134,46844.6,46586.51,4734.57,4720.51,
4-4-91,134,44255.21,46829.35,4692.77,4681.24,19
4-4-92,134,44257.59,47162.94,4690.29,4679.13,19
4-4-93,134,44260.03,47539.43,4688.54,4676.89,19
5-2-1,134,42980.57,50209.29,4623.15,4619.15,
5-2-10,134,42923.79,48389.6,4652.25,4648.89,
5-2-11,134,42912.1,48163.95,4661.92,4651.39,
5-2-12,134,42873.16,48132.28,4659.76,4651.94,
5-2-13,134,43043,49392.91,4651.25,4647,
5-2-14,134,43192.02,49034.55,4658.04,4649.08,
5-2-15,134,43311.3,48759.34,4661.44,4650.5,19
5-2-19,134,43329.44,48699.83,4662.27,4652.54,19
5-2-2,134,42974.12,49799.49,4638.62,4630.19,
5-2-2.1,134,42972.33,49755.99,4639.62,4630.8,
5-2-2.2,134,42963.1,49593.78,4647.2,4632.18,
5-2-2.3,134,42962.61,49590.27,4647.18,4632.58,
5-2-20,134,43480.96,48381.25,4667.19,4657.9,
5-2-21,134,43753.55,48203.38,4672.59,4663.87,
5-2-22,134,44021.85,48027.87,4678.3,4667.17,
5-2-23,134,44028.49,47639.36,4681.85,4672.75,
5-2-27,134,43210.19,49391.24,4653.58,4643.07,19
5-2-28,134,43574.27,49388.88,4661.5,4650.31,19
5-2-3,134,42959.41,49555.53,4643.1,4632.8,
5-2-30,134,43708.61,49388,4667.3,4656.19,
5-2-31,134,43958.82,49387.09,4686.55,4675.23,19
5-2-4,134,42999.61,49555.17,4652.6,4639.04,
5-2-44,134,43068.65,50209.19,4628.99,4618.68,
5-2-45,134,43209.45,50207.32,4636.65,4627.26,
5-2-46,134,43610.25,50201.36,4649.36,4639.23,19
5-2-47,134,43744.73,50199.37,4652.91,4642.91,19
5-2-48,134,43959.13,50196.71,4658.59,4648.38,
5-2-5,134,43007.1,49461.16,4651.5,4640.2,
5-2-52,134,43173.49,50179.16,4635.83,4627.77,
5-2-53,134,43209.23,50025.05,4641.81,4631.51,
5-2-54,134,43211.03,49949.31,4643.63,4633.15,19
5-2-56,134,43209.58,49776.04,4647.82,4637.49,
5-2-57,134,43210.58,49696.17,4649.59,4638.77,19
5-2-6,134,42957.84,49463.51,4652.39,4646.11,
5-2-7,134,42955.92,49099.62,4651.55,4646.86,
5-2-8,134,42958.52,48703.12,4651.25,4647.86,
5-2-9,134,42958.98,48453.79,4653,4648.51,
5-3-1,134,42878.77,47723.17,4664.99,4655.13,
5-3-10,134,44148.14,45716.46,4731.85,4718.93,
5-3-11,134,44145.33,45283.84,4733.54,4721.22,
5-3-12,134,44150.05,44952.23,4733.92,4723.15,
5-3-2,134,42874.93,47256.49,4671.84,4658.18,
5-3-3,134,42868.59,46752.54,4672.52,4658.73,
5-3-4,134,42865.6,46250.21,4674.53,4659.63,
5-3-5,134,42863.73,45754.82,4666.85,4660.92,
5-3-6,134,42899.01,45748.89,4667.19,4661.18,
5-3-7,134,43312.03,45731.7,4699.3,4683.34,
5-3-7.1,134,43215.74,45734.98,4687.58,4678.35,19
5-3-8,134,43561.12,45727.56,4721.69,4711.65,
5-3-9,134,43710.15,45725.41,4724.62,4713.76,
6-1-1,134,36247.26,76865.27,4286.91,4277.71,
6-1-10,134,35259.4,79194.86,4276.19,4269.63,
6-1-2,134,36211.68,77200.46,4283.94,4276.84,
6-1-3,134,36146.58,77507.95,4281.72,4276.4,
6-1-4,134,36087.28,77748.61,4280.34,4276.14,
6-1-5,134,36048.7,78000.48,4279.92,4275.5,
6-1-6,134,36033.64,78243.21,4279.62,4274.67,
6-1-7,134,36056.61,79008.95,4278.09,4272.14,
6-1-8,134,36064.28,79170.04,4277.82,4271.57,
6-1-9,134,35260.42,79172,4276.71,4269.77,
6-2-1,134,35255.5,79682.65,4275.46,4268.25,
6-2-10,134,33814.01,81116.58,4267.95,4262.38,
6-2-11,134,33814.94,81160.77,4267.25,4260.7,19
6-2-12,134,33816.86,81541.14,4263.44,4259.47,
6-2-13,134,33818.98,82000.03,4262.83,4258.1,19
6-2-16,134,33791.99,81656.54,4263.17,4254.13,19
6-2-17,134,34105.28,81633.19,4260.93,4254.8,
6-2-18,134,34568.01,81619.37,4263.61,4255.58,
6-2-19,134,34567.48,81397.04,4263.6,4255.67,19
6-2-2,134,35242.86,79847.99,4273.4,4267.78,
6-2-24,134,34658.23,81355.52,4264.08,4256.02,
6-2-24S1,134,34663.7,81352.321,4264,4252,
6-2-24S2,134,34673.588,81346.522,4264,4252,
6-2-25,134,34679.12,81343.46,4263.79,4254.57,
6-2-26,134,34862.8,81285.78,4265.13,4256.37,19
6-2-28,134,34960.56,81254.48,4265.76,4256.46,19
6-2-28.1,134,35029.4,81233.49,4266.3,4256.61,
6-2-3,134,35180.12,79885.152,4272.18,4267.56,
6-2-33,134,35379.62,81124.24,4265.95,4257.04,
6-2-34,134,35602.05,80959.38,4266.5,4257.43,19
6-2-35,134,35902.17,80626.76,4267.23,4257.99,
6-2-36,134,36175.97,80321.68,4269.63,4258.67,
6-2-37,134,36394.7,79827.22,4267.58,4259.37,19
6-2-39,134,33793.49,82001.32,4263.02,4253.96,
6-2-4,134,35185.43,80128.242,4271.65,4267.15,
6-2-5,134,35035.84,80275.36,4270.89,4265.07,
6-2-6,134,35037.12,80491.55,4269.65,4264.63,
6-2-7,134,34548.72,80493.85,4273.25,4264.13,
6-2-8,134,34518.6,80478.41,4274.52,4263.96,19
6-2-9,134,33798.77,80481.63,4279.5,4263.32,
6-4-1,134,37014.64,76946.69,4282.42,4272.73,
6-4-10,134,37211.65,77596.9,4273.79,4266.56,
6-4-10.1,134,37258.09,77736.01,4274,4263.77,
6-4-11,134,37324.25,77896.19,4275.28,4263.5,
6-4-12,134,37147.97,78146.93,4281.76,4263.1,
6-4-13,134,36958.24,78586.05,4272.42,4262.48,19
6-4-16,134,36827.46,78896.39,4269.49,4262.12,
6-4-17,134,36739.31,79106.49,4274.93,4261.88,
6-4-18,134,36658.02,79238.2,4271.14,4260.48,
6-4-19,134,36576.52,79415.97,4267.23,4260.32,
6-4-2,134,37033.8,77089.11,4280.75,4271.49,
6-4-3,134,37015.66,77097.52,4280.22,4271.14,
6-4-4,134,37104.17,77347.62,4277.24,4268.3,
6-4-5,134,37125.83,77342.07,4277.15,4267.85,
6-4-6,134,37416.75,77264.86,4276.96,4270.01,
6-4-7,134,37698.05,77229.24,4277.64,4271.06,
6-4-7.1,134,37708.66,77224.6,4277.84,4271.25,
6-4-7.2,134,37817.42,77205.41,4279.46,4271.46,
6-4-7.3,134,37806.23,77127.31,4279.89,4271.71,19
6-4-7.4,134,37963.38,77084.33,4278.78,4272.05,
6-4-8,134,37975.93,77078.06,4277.81,4272.15,
6-4-9,134,38152.79,77049.3,4278.17,4272.6,
7-3-1,134,36257.13,76518.39,4293.65,4278.05,
7-3-14,134,37233.51,75991.02,4287.18,4280.26,
7-3-15,134,37494.29,75639.42,4290.21,4281.56,
7-3-16,134,37766.7,75272.09,4293.77,4283.61,
7-3-17,134,38064.16,74870.04,4295.71,4288.56,
7-3-18,134,38165.63,74734.59,4295.72,4290.27,19
7-3-2,134,36890.46,76500.35,4286.99,4275.86,
7-3-21,134,38360.85,74469.96,4299,4293.61,
7-3-22,134,38660.06,74067.87,4304.4,4296.55,
7-3-23,134,36990.87,76469.97,4287.57,4279.36,
7-3-24,134,37058,76240.19,4291.01,4280.68,
7-3-25,134,37196.98,76055.73,4288.33,4281.67,
7-3-26,134,37284.72,75982.06,4287.54,4282.83,
7-3-27,134,37289.5,75931.54,4287.79,4283.05,
7-3-28,134,37497.67,75649.98,4289.89,4285.5,
7-3-29,134,37769.78,75283.45,4293.84,4287.79,
7-3-3,134,36915.15,76499.89,4287.02,4275.08,
7-3-30,134,38014.95,74971.11,4295.91,4290.59,
7-3-31,134,38406.39,74428.68,4300.81,4294.38,
7-3-32,134,38665.01,74075.35,4304.87,4298.7,
7-3-33,134,38260.86,76636.12,4279.07,4273.9,19
7-3-34,134,38518.24,76396.56,4281,4274.97,
7-3-35,134,38521.11,76255.42,4281.33,4275.57,19
7-3-36,134,38665.9,76182.24,4283.23,4276.11,
7-3-36.1,134,38886.28,76125.39,4285.29,4276.47,19
7-3-37,134,38932.61,76115.49,4286.55,4276.6,
7-3-4,134,36974.87,76498.52,4287.29,4279.34,
7-3-5,134,36964.76,76529.16,4287.07,4276.75,
7-3-6,134,37046.36,76243.35,4290.91,4278.2,
7-3-7,134,37087.07,76189.24,4290.58,4278.94,
8-1-1,134,38799.53,73688.59,4304.82,4299,
8-1-13,134,40799.57,71848.36,4329.37,4318.86,19
8-1-18,134,40800.96,72184.78,4328.38,4317.08,
8-1-19,134,40800.29,72215.82,4328.09,4316.95,19
8-1-2,134,38961.22,73246.73,4309.77,4301.92,
8-1-20,134,40771.81,72245.57,4328.25,4315.35,
8-1-20.1,134,40479.2,72393.88,4322.75,4314.78,
8-1-21,134,40148.76,72534,4318.71,4313.61,
8-1-22,134,39842.27,72684.89,4315.34,4309.77,
8-1-22.1,134,39575.83,72818.74,4312.45,4308.95,
8-1-23,134,39270.5,73033.43,4310.63,4305.94,
8-1-24,134,38964.37,73254.53,4309.19,4303.48,
8-1-25,134,38804.36,73695.98,4304.76,4300.63,
8-1-3,134,39260.63,73032.46,4310.79,4304.48,
8-1-35,134,41063.72,72177.56,4328.74,4320.17,19
8-1-4,134,39567.3,72814.04,4311.94,4305.5,
8-1-42,134,41349.26,72170.96,4337.77,4332.08,
8-1-43,134,41644.73,72163.44,4344.2,4335.32,
8-1-5,134,40140.94,72530.19,4318.76,4311.82,
8-1-5.1,134,40460.22,72393.76,4322.58,4314.22,
8-1-6,134,40772.23,72230.72,4328.08,4315.68,
8-1-7,134,40769.64,71734.9,4329.84,4323.2,
8-1-8,134,40798.44,71567.94,4330.56,4320.24,19
8-2-10,134,40231.71,76037.74,4290.25,4281.04,
8-2-11,134,40329.25,76110.71,4293.17,4281.36,
8-2-12,134,40585.96,76047.99,4294.2,4282.14,
8-2-13,134,40913.26,75960.76,4296.69,4283.42,
8-2-14,134,40996.16,75896.57,4296.37,4288,19
8-2-20,134,41159.4,75897.76,4299.21,4289.77,19
8-2-22,134,41471.59,75786.54,4300.46,4292.43,
8-2-23,134,41701.49,75691.11,4302.67,4293.24,19
8-2-24,134,41793.13,75979.42,4308.54,4294.33,19
8-2-4,134,39296.21,76126.38,4285.48,4277.83,
8-2-5,134,39297.63,76265.43,4285.22,4278.11,19
8-2-6,134,39710.48,76141.14,4287.02,4279.17,
8-2-6.1,134,40083.34,76061.61,4290.9,4280.65,
8-2-6.2,134,39872.1,76094.11,4289.59,4279.73,19
8-2-7,134,40150.6,76071.04,4289.84,4280.7,
8-2-8,134,40202.57,76049.16,4291.8,4280.86,19
8-3-11,134,42342.86,75302.42,4309.04,4297.58,19
8-3-12,134,42244.52,75371.45,4307.96,4295.32,
8-3-13,134,42223.17,75385.51,4307.69,4295.01,
8-3-14,134,42015.87,75530.97,4305.96,4294.29,
8-3-15,134,42653.14,75046.44,4312.81,4302.41,
8-3-16,134,42926.8,74747.63,4316.46,4308.51,19
8-3-17,134,43162.95,74459.88,4321.17,4311.41,
8-3-17.1,134,43189.04,74426.2,4321.79,4312.18,19
8-3-18,134,42888.96,74715.9,4316.12,4310.87,19
8-3-19,134,42923.14,74357.61,4317.19,4312.06,19
8-3-20,134,42707.84,74339.26,4315.69,4313.56,19
8-4-1,134,41855.32,71497.57,4349.36,4341.38,19
8-4-3,134,41860.31,71639.54,4348.86,4341.11,
8-4-35,134,42784.61,73958.01,4319.96,4315.27,19
8-4-36,134,42831.79,74044.09,4319.49,4314.8,19
8-4-4,134,41856.81,71837.31,4347.59,4340.15,19
8-4-42,134,43426.86,74131.91,4325.78,4316.67,
8-4-43,134,43681.01,73816.2,4331.09,4320.64,
8-4-44,134,43929.17,73507.69,4335.29,4323.11,
8-4-45,134,44180.43,73191.87,4338.74,4326.51,
8-4-46,134,42941.2,73604.15,4321.9,4317.32,19
8-4-6,134,41849.94,72230.27,4347.37,4338.08,19
9N-1-1,134,44926.24,71784.49,4351.33,4341.2,
9N-1-2,134,44771.74,72167.81,4347.66,4338.68,
9N-1-3,134,44602.2,72518.56,4345.09,4336.26,
9N-1-4,134,44408.55,72865.77,4342.11,4333.28,
9S-1-1,134,44247.64,39863.47,4698.73,4689.34,19
9S-1-10,134,44419.92,40459.16,4725.49,4713.72,19
9S-1-2,134,44249,40211.91,4705.54,4698.79,
9S-1-20,134,44889.22,40448.42,4753.91,4742.69,19
9S-1-21,134,44878.29,40729.85,4768.4,4752.63,19
9S-1-3,134,44251.57,40459.44,4710.54,4703.21,19
9S-1-33,134,45102.08,40749.83,4774.8,4762.57,19
9S-1-34,134,45232.17,40860.02,4778.5,4766.3,19
9S-1-36,134,45401.27,41105.5,4780.12,4768.74,
9S-1-37,134,45504.67,41117.27,4780.64,4769.19,
9S-1-38,134,45636.47,41131.85,4781.59,4770.14,19
9S-1-50,134,45974.39,41097.63,4784.8,4771.79,19
9S-1-53,134,46198.48,40987.14,4784.79,4772.88,19
9S-1-57,134,46413.88,40880.71,4785.84,4773.7,19
9S-1-62,134,46640.88,40756.97,4787.29,4774.26,19
9S-1-LiftS,133,44168.59,39847.7,4698.06,4680,
9S-2-17,134,45500.01,42217.46,4787.02,4776.02,
9S-2-18,134,45502.37,42273.61,4786.64,4776.39,
9S-2-19,134,45636.66,42273.87,4787.88,4777.27,19
9S-2-2,134,45157.58,42182.64,4784.09,4774.48,19
9S-2-24,134,45898.31,42272.35,4789.46,4778.46,
9S-2-25,134,46297.72,42270,4792.19,4780.37,
9S-2-26,134,46712.99,42268.53,4794.74,4782.52,
9S-2-27,134,44652.46,42672.98,4772.75,4763.41,
9S-2-28,134,44522.59,42555.74,4756.34,4745.83,
9S-2-29,134,44402.36,42624.96,4758.07,4744.17,
9S-2-3,134,45004.47,42408.57,4784.79,4773.27,19
9S-2-30,134,44403.77,42944.04,4759.57,4743.07,19
9S-2-33,134,44281.41,42944.66,4747.76,4742.31,
9S-2-34,134,44283.7,43352.96,4753.32,4740.96,19
9S-2-5,134,44949.89,42671.3,4784.04,4772.31,19
9S-2-50,134,44290.2,43741.49,4744.64,4739.46,
9S-2-50.1,134,44291.36,43587.1,4758.82,4740.06,
9S-2-51,134,44441.86,43751.61,4755.57,4738.78,19
9S-2-67,134,44439.02,44128.83,4751.67,4737.22,
9S-2-68,134,44414.19,44517.42,4750.78,4735.74,
9S-2-69,134,44386.45,44867.61,4749.33,4734.8,
9S-2-70,134,44237.74,44869.03,4739.45,4727.09,
9S-2-71,134,44895.17,44897.54,4779.99,4766.18,
9S-2-72,134,45174.34,44896.3,4786,4766.84,19
9S-2-73,134,45588.32,44893.19,4787,4767.95,
9S-2-74,134,45983.45,44895.25,4784.45,4768.97,
9S-2-75,134,46384.12,44896.63,4784.61,4770.08,
9S-2-76,134,46804.05,44896.5,4790.71,4771.12,19
9S-3-73,134,47151.66,44884.82,4787.29,4772.03,
9S-3-74,134,47291.12,44885.24,4783.4,4772.24,19
9S-3-75,134,47371.96,44882.99,4781.74,4772.49,
9S-3-76,134,47408.09,44899.34,4780.78,4772.65,
9S-3-77,134,47934.53,44897.41,4780.74,4773.82,19
9S-3-78,134,48161.91,44894.39,4785.1,4776.6,19
9S-3-79,134,48231.38,44895.16,4787.05,4777.63,19
9S-3-80,134,48384.5,44893.72,4791.46,4780.04,
9S-3-81,134,48781.48,44891.5,4798.71,4786.28,
9S-3-82,134,49182.99,44887.39,4802.23,4789.05,
9S-4-111,134,49229.53,42213.62,4855.48,4845.06,
9S-4-111.1,134,49336.77,42211.44,4861.67,4850.45,19
9S-4-112,134,49465.14,42211.28,4867.8,4857.57,
9S-4-62,134,48772.4,40492.28,4834.79,4823.18,19
9S-4-63,134,48997.57,40485.42,4847.49,4835.05,19
9S-4-70,134,49145.43,40480.47,4856.87,4845.26,
9S-4-71,134,49455.82,40543.09,4871.37,4858.19,19
9S-4-72,134,49445.29,40411.56,4886.69,4876.48,
9S-4-73,134,48642.18,40534.8,4828.81,4817.09,19
9S-4-75,134,48346.06,40632.73,4817.06,4802.04,
9S-4-76,134,48365,40700.11,4816.98,4800.88,
9S-4-77,134,48289.71,40798.77,4810.12,4799.61,
9s-4-78,134,48143.44,40919.88,4803.52,4797.84,
9s-4-79,134,48143.19,41100.66,4803.17,4797.34,19
9s-4-81,134,48144.21,41672.88,4802.63,4795.48,19
9S-4-81.1,134,48144.07,41637.38,4802.24,4795.86,
9s-4-81.2,134,48143.56,41288.01,4801.94,4796.9,
9S-4-86,134,48144.77,41952.58,4803.56,4794.5,
9S-4-87,134,47083.1,42249.97,4797.51,4787,19
9S-4-88,134,47460.29,42246.52,4799.96,4789.32,
9S-4-89,134,47808.71,42240.87,4803.12,4791.52,19
9S-4-90,134,48145.37,42239.78,4808.22,4793.17,19
9S-4-91,134,48160.5,42240.49,4808.51,4793.21,
9S-4-92,134,48509.35,42233.63,4819.06,4807.62,
9S-4-93,134,48929.63,42216.75,4837.43,4826.61,19