Name,ID,X,Y,Sewer inputs,DWF enabled,Method,Units,Flow rate,Area,Density,Peaking factor,Winter water use,Landuse,Pattern,Pattern resolved
10-1-12,134,50289.32,40260.19,,true,0,,,,,,,,,
10-1-13,134,50635.53,40258.77,true,,,2,9,0,0,1,0,3,Daily1,Yes
10-1-15,134,50913.17,40259.17,,,,,,,,,,,,
10-1-17,134,50911.51,39957,,,,,,,,,,,,
10-1-18,134,50909.93,39710.91,,,,,,,,,,,,
10-1-19,134,51191.01,39708.43,true,,,2,170,0,0,1,0,3,Daily1,Yes
10-1-59,134,49870.12,41798.42,true,,,2,178,0,0,1,0,3,Daily1,Yes
10-1-6,134,49604.95,40268.93,true,,,2,10,0,0,1,0,3,Daily1,Yes
10-1-60,134,49595.06,42083.15,,,,,,,,,,,,
10-1-61,134,49587.33,42209.75,,true,0,,,,,,,,,
10-1-7,134,49887.9,40262.13,true,,,2,20,0,0,1,0,3,Daily1,Yes
10-2-1,134,50938.35,42233.57,,,,,,,,,,,,
10-2-10,134,50939.45,42866.91,,,,,,,,,,,,
10-2-11,134,50940.8,43051.38,true,,,2,43,0,0,1,0,3,Daily1,Yes
10-2-2,134,51288.17,42233.39,,true,0,,,,,,,,,
10-2-22,134,50940.48,43217.75,,,,,,,,,,,,
10-2-23,134,51032.41,43411.09,true,,,2,192,0,0,1,0,3,Daily1,Yes
10-2-3,134,51594.86,42234.81,true,,,2,220,0,0,1,0,3,Daily1,Yes
10-2-37,134,51033.49,43704.32,,,,,,,,,,,,
10-2-39,134,51035.9,44009.48,,,,,,,,,,,,
10-2-41,134,51037.24,44312.32,,,,,,,,,,,,
10-2-43,134,51038.63,44397.78,true,,,2,27,0,0,1,0,3,Daily1,Yes
10-2-48,134,50956.96,44717.4,true,,,2,19,0,0,1,0,3,Daily1,Yes
10-2-50,134,50818.46,44718.25,,true,0,,,,,,,,,
10-2-51,134,50817.1,44833.86,,,,,,,,,,,,
10-2-52,134,51541.85,44807.28,true,,,2,30,0,0,1,0,3,Daily1,Yes
10-2-56,134,51600.65,44793.09,,,,,,,,,,,,
10-2-57,134,51817.36,44713.59,true,,,2,19,0,0,1,0,3,Daily1,Yes
10-2-62,134,51916.88,44676.95,,,,,,,,,,,,
10-2-8,134,50938.96,42476.49,true,,,2,26,0,0,1,0,3,Daily1,Yes
10-3-103,134,54727.03,43492.09,,,,,,,,,,,,
10-3-33,134,52283.35,44463.24,true,,,2,113,0,0,1,0,3,Daily1,Yes
10-3-36,134,52590.15,44190.63,true,,,2,131,0,0,1,0,3,Daily1,Yes
10-3-68,134,52756.78,44019.07,,,,,,,,,,,,
10-3-69,134,52971.64,43797.23,,,,,,,,,,,,
10-3-70,134,53286.21,43590.47,,,,,,,,,,,,
10-3-71,134,53467.27,43524.72,true,,,2,63,0,0,1,0,3,Daily1,Yes
10-3-82,134,53733.45,43513.5,,,,,,,,,,,,
10-3-83,134,54019.46,43499.58,true,,,2,117,0,0,1,0,3,Daily1,Yes
10-3-96,134,54380.99,43491.89,true,,,2,112,0,0,1,0,3,Daily1,Yes
10-3-97,134,54400.71,43492.04,,,,,,,,,,,,
11-2-17,134,54989.59,43491.5,true,,,2,79,0,0,1,0,3,Daily1,Yes
11-2-18,134,55028.36,43491.83,,,,,,,,,,,,
11-2-19,134,55102.95,43491.38,true,,,2,1,0,0,1,0,3,Daily1,Yes
11-2-21,134,55172.16,43491.28,true,,,2,9,0,0,1,0,3,Daily1,Yes
11-2-23,134,55441.06,43491.49,true,,,2,14,0,0,1,0,3,Daily1,Yes
11-2-27,134,55826.97,43502,true,,,2,17,0,0,1,0,3,Daily1,Yes
11-2-31,134,56118.1,43574.47,true,,,2,6,0,0,1,0,3,Daily1,Yes
11-2-36,134,56505.06,43669.46,,,,,,,,,,,,
11-2-37,134,56593.88,43691.37,true,,,2,29,0,0,1,0,3,Daily1,Yes
11-2-41,134,56797.16,43742.1,,,,,,,,,,,,
11-2-42,134,56820.87,43748.4,true,,,2,9,0,0,1,0,3,Daily1,Yes
11-2-44,134,57094.6,43815.8,true,,,2,60,0,0,1,0,3,Daily1,Yes
11-2-74,134,57436.46,43900.8,true,,,2,119,0,0,1,0,3,Daily1,Yes
11-2-81,134,56246.91,43607.58,true,,,2,27,0,0,1,0,3,Daily1,Yes
11-2-86,134,55795.81,43499.01,true,,,2,4,0,0,1,0,3,Daily1,Yes
11-3-11,134,57823.26,43993.25,true,,,2,0,0,0,1,0,3,Daily1,Yes
11-3-12,134,58077.53,43960.67,true,,,2,15,0,0,1,0,3,Daily1,Yes
11-3-18,134,58279.21,43858.58,,,,,,,,,,,,
11-3-19,134,58403.4,43732.15,true,,,2,24,0,0,1,0,3,Daily1,Yes
11-3-27,134,58515.11,43544.12,true,,,2,29,0,0,1,0,3,Daily1,Yes
11-3-33,134,58610.99,43382.01,,,,,,,,,,,,
11-3-34,134,58672.9,43277.92,,true,0,,,,,,,,,
11-3-35,134,58756.33,43148.25,,true,0,,,,,,,,,
11-3-36,134,59194.44,43132.69,true,,,2,1,0,0,1,0,3,Daily1,Yes
11-3-37,134,59236.29,42861.28,,,,,,,,,,,,
11-3-38,134,59370.22,42838.68,,,,,,,,,,,,
11-3-39,134,59434.64,42678.82,,,,,,,,,,,,
11-3-40,134,59543.92,42516.7,true,,,2,1,0,0,1,0,3,Daily1,Yes
11-3-41,134,59746.31,42284.76,true,,,2,16,0,0,1,0,3,Daily1,Yes
11-3-48,134,58451.91,43648.58,true,true,0,2,7,0,0,1,0,3,Daily1,Yes
11-4-59,134,59889.23,41951.27,,,,,,,,,,,,
12-2-1,134,60057.25,41975.44,,true,0,,,,,,,,,
12-2-12,134,60862.16,42620.85,,,,,,,,,,,,
12-2-13,134,60997.84,42658,true,,,2,8,0,0,1,0,3,Daily1,Yes
12-2-15,134,61283.59,42647.74,true,,,2,8,0,0,1,0,3,Daily1,Yes
12-2-17,134,61431.56,42633.07,,,,,,,,,,,,
12-2-18,134,61541.14,42594.81,true,,,2,19,0,0,1,0,3,Daily1,Yes
12-2-2,134,60076.5,42270.8,,,,,,,,,,,,
12-2-22,134,61750.53,42520.42,,,,,,,,,,,,
12-2-23,134,61999.37,42510.72,true,,,2,11,0,0,1,0,3,Daily1,Yes
12-2-25,134,62362.73,42469.97,true,,,2,36,0,0,1,0,3,Daily1,Yes
12-2-25.1,134,62564.14,42494.36,,,,,,,,,,,,
12-2-3,134,60122.11,42431.67,true,,,2,2,0,0,1,0,3,Daily1,Yes
12-2-5,134,60436.6,42539.71,true,,,2,11,0,0,1,0,3,Daily1,Yes
12-2-7,134,60492.16,42428.67,true,,,2,36,0,0,1,0,3,Daily1,Yes
12-3-1,134,62853.93,42490.33,,,,,,,,,,,,
12-3-10,134,65156.22,42274.64,,,,,,,,,,,,
12-3-10.1,134,65401.34,42100.07,true,,,2,1394,0,0,1,0,3,Canyon_Daily,Yes
12-3-2,134,63101.47,42446.87,,,,,,,,,,,,
12-3-27,134,64063.68,42128.9,,,,,,,,,,,,
12-3-28,134,64338.81,42013.73,,,,,,,,,,,,
12-3-29,134,64553.25,41950.02,true,,,2,3,0,0,1,0,3,Daily1,Yes
12-3-3,134,63331.28,42376.41,,,,,,,,,,,,
12-3-30,134,64685.21,41960.63,,,,,,,,,,,,
12-3-31,134,64811.12,42012.79,,,,,,,,,,,,
12-3-32,134,64895.81,42055.38,,,,,,,,,,,,
12-3-4,134,63527.82,42388.11,,,,,,,,,,,,
12-3-5,134,63819.56,42300.58,,,,,,,,,,,,
12-3-6,134,63635.48,42355.64,true,,,2,31,0,0,1,0,3,Daily1,Yes
12-3-7,134,64947.15,42166.67,true,,,2,9,0,0,1,0,3,Daily1,Yes
12-3-8,134,65030.93,42259.52,,,,,,,,,,,,
12-3-9,134,65137.35,42289.67,,,,,,,,,,,,
16-1-10,134,44875.33,66695.07,true,,,2,11,0,0,1,0,3,Daily1,Yes
16-1-13,134,44993.15,66691.99,true,,,2,41,0,0,1,0,3,Daily1,Yes
16-1-16,134,45093.22,66690.09,,,,,,,,,,,,
16-1-17,134,45489.06,66681.81,true,,,2,0,0,0,1,0,3,Daily1,Yes
16-1-18,134,45903.35,66672.86,,,,,,,,,,,,
16-1-19,134,46288.62,66666.75,true,,,2,2,0,0,1,0,3,Daily1,Yes
16-1-20,134,46741.06,66658.66,,,,,,,,,,,,
16-1-8,134,44294.09,66706.97,,,,,,,,,,,,
16-1-9,134,44699.01,66698.65,,,,,,,,,,,,
16-2-10,134,45324.4,70030.3,true,,,2,25,0,0,1,0,3,Daily1,Yes
16-2-11,134,45546.02,70028.32,true,,,2,102,0,0,1,0,3,Daily1,Yes
16-2-17,134,45695.51,70012.16,true,,,2,124,0,0,1,0,3,Daily1,Yes
16-2-3,134,45323.55,70014,,,,,,,,,,,,
16-2-4,134,45534.28,70013.32,true,,,2,203,0,0,1,0,3,Daily1,Yes
16-2-44,134,45458.53,70277.29,,,,,,,,,,,,
16-2-45,134,45323.22,70658.56,,,,,,,,,,,,
16-2-46,134,45163.46,71109.03,,,,,,,,,,,,
16-2-47,134,45160.02,71118.74,,,,,,,,,,,,
16-2-48,134,45059.4,71402.71,,,,,,,,,,,,
16-2-49,134,45842.79,70012.09,true,,,2,5,0,0,1,0,3,Daily1,Yes
16-2-51,134,46326.64,70010.24,,,,,,,,,,,,
16-2-53,134,46616.11,70008,true,,,2,208,0,0,1,0,3,Daily1,Yes
16-2-54,134,46612.57,69559.44,,,,,,,,,,,,
16-2-55,134,46610.5,69121.44,,,,,,,,,,,,
16-2-56,134,46778.17,69123.75,true,,,2,16,0,0,1,0,3,Daily1,Yes
16-2-58,134,46793.54,68762.41,,,,,,,,,,,,
16-3-27,134,47024.4,68616.14,true,,,2,24,0,0,1,0,3,Daily1,Yes
16-3-29,134,47373.01,68415.12,,,,,,,,,,,,
16-3-30,134,47526.93,68659.04,true,,,,,,,,,,,
16-3-31,134,47729.06,68940.68,true,,,2,23,0,0,1,0,3,Daily1,Yes
16-3-35,134,47951.14,69002.47,,,,,,,,,,,,
16-3-36,134,48168.75,69003.31,,,,,,,,,,,,
16-3-37,134,48372.29,68905.04,true,,,2,147,0,0,1,0,3,Daily1,Yes
16-4-16,134,48492.61,66663.97,,,,,,,,,,,,
16-4-17,134,48800.46,66666.84,,true,0,,,,,,,,,
16-4-18,134,48802.62,66404.57,,,,,,,,,,,,
16-4-19,134,48891.3,66223.61,true,,,2,12,0,0,1,0,3,Daily1,Yes
16-4-6,134,47173.33,66651.57,,,,,,,,,,,,
16-4-7,134,47595.56,66655.69,,true,0,,,,,,,,,
16-4-8,134,48049.61,66660.16,,,,,,,,,,,,
16-4-9,134,48176.84,66662.04,true,,,2,152,0,0,1,0,3,Daily1,Yes
17-1-10,134,40760.9,66296.57,,,,,,,,,,,,
17-1-11,134,40763.94,66696.91,,,,,,,,,,,,
17-1-12,134,40766.12,66849.82,true,,,2,13,0,0,1,0,3,Daily1,Yes
17-1-19,134,40767.17,67097.26,,,,,,,,,,,,
17-1-20,134,40771.12,67423.12,true,,,2,51,0,0,1,0,3,Daily1,Yes
17-1-21,134,41028.25,67306.7,,,,,,,,,,,,
17-1-22,134,41253.74,67262.02,true,true,0,2,25,0,0,1,0,3,Daily1,Yes
17-1-24,134,40776.21,67901.08,,true,0,,,,,,,,,
17-1-25,134,40775.92,68159.11,true,,,2,43,0,0,1,0,3,Daily1,Yes
17-1-30,134,40780.09,68394.4,,,,,,,,,,,,
17-1-31,134,40780.09,68507.21,true,,,2,24,0,0,1,0,3,Daily1,Yes
17-1-35,134,40754.98,66236.73,,,,,,,,,,,,
17-1-36,134,40759.7,66738.23,,,,,,,,,,,,
17-1-37,134,40762.26,67049.23,,,,,,,,,,,,
17-1-38,134,40761.11,67388.39,,,,,,,,,,,,
17-1-39,134,40746.28,67397.95,,,,,,,,,,,,
17-1-39.1,134,40756.48,67915.85,,,,,,,,,,,,
17-1-40,134,40747.52,67930.19,,,,,,,,,,,,
17-1-41,134,40748.79,68233.42,,,,,,,,,,,,
17-1-42,134,40754.9,68724.89,true,,,2,8,0,0,1,0,3,Daily1,Yes
17-1-9,134,40761.92,66448.78,true,,,2,49,0,0,1,0,3,Daily1,Yes
17-2-24,134,40482.19,70099.73,true,,,2,349,0,0,1,0,3,Daily1,Yes
17-2-25,134,40793.31,70097.55,true,,,2,13,0,0,1,0,3,Daily1,Yes
17-2-26,134,41280.31,70088.53,,,,,,,,,,,,
17-2-27,134,41450.82,70086.36,true,,,2,8,0,0,1,0,3,Daily1,Yes
17-2-29,134,41585.82,70084.15,,,,,,,,,,,,
17-2-30,134,40788.81,69439.79,true,,,2,4,0,0,1,0,3,Daily1,Yes
17-2-31,134,40952.15,69438.25,true,,,2,228,0,0,1,0,3,Daily1,Yes
17-2-37,134,40948.83,69088.43,true,,,2,50,0,0,1,0,3,Daily1,Yes
17-2-38,134,41077.6,69087.18,,,,,,,,,,,,
17-2-39,134,41474.39,69084.41,,,,,,,,,,,,
17-2-43,134,40784.55,69015,true,true,0,2,67,0,0,1,0,3,Daily1,Yes
17-2-44,134,40784.06,68896.69,,true,0,,,,,,,,,
17-2-45,134,40795.89,70594.78,,,,,,,,,,,,
17-2-46,134,40796.28,70740.83,true,,,2,95,0,0,1,0,3,Commercial1,Yes
17-2-48,134,40797.35,71049.42,,,,,,,,,,,,
17-2-49,134,40797.9,71500.76,,,,,,,,,,,,
17-2-50,134,40758.05,69014.43,,,,,,,,,,,,
17-2-53,134,40762.2,69727.16,,,,,,,,,,,,
17-2-53.2,134,40761.17,69222.35,,,,,,,,,,,,
17-2-54,134,40765.2,70229.44,,,,,,,,,,,,
17-2-55,134,40766.85,70734.53,,true,0,,,,,,,,,
17-2-56,134,40769.12,71229.02,,,,,,,,,,,,
17-2-57,134,40769.13,71521.32,,,,,,,,,,,,
17-3-1,134,41776.22,69082.85,,,,,,,,,,,,
17-3-2,134,42089.59,69080.46,true,,,2,15,0,0,1,0,3,Daily1,Yes
17-3-32,134,41831.6,70080.66,true,,,2,32,0,0,1,0,3,Daily1,Yes
17-3-35,134,42036.19,70077.35,,,,,,,,,,,,
17-3-36,134,42478.6,70069.44,,,,,,,,,,,,
17-3-37,134,42843.23,70063.5,,true,0,,,,,,,,,
17-3-38,134,43188.49,70058.23,,,,,,,,,,,,
17-3-39,134,43587.81,70053.15,true,,,2,12,0,0,1,0,3,Daily1,Yes
17-3-4,134,42087.2,68830.25,,true,0,,,,,,,,,
17-3-41,134,43939.12,70046.76,true,,,2,137,0,0,1,0,3,Daily1,Yes
17-3-44,134,43935.11,69696.55,,,,,,,,,,,,
17-3-45,134,43930.68,69342.63,,,,,,,,,,,,
17-3-46,134,43924.17,68996.2,,,,,,,,,,,,
17-4-1,134,41617.95,67190.67,true,true,0,2,37,0,0,1,0,3,Daily1,Yes
17-4-10,134,42357.8,66851.85,true,,,2,47,0,0,1,0,3,Daily1,Yes
17-4-22,134,42639.61,66851.57,true,,,2,268,0,0,1,0,3,Daily1,Yes
17-4-24,134,42878.11,66850.79,true,,,2,140,0,0,1,0,3,Daily1,Yes
17-4-36,134,43150.79,66849.82,,,,,,,,,,,,
17-4-37,134,43662.1,66847.4,,,,,,,,,,,,
17-4-38,134,43663.69,66813.37,,true,0,,,,,,,,,
17-4-39,134,43895,66749.22,,,,,,,,,,,,
17-4-40,134,43894.73,66676.59,true,,,2,108,0,0,1,0,3,Daily1,Yes
17-4-41,134,43888.32,66126.68,,true,0,,,,,,,,,
17-4-46,134,43900.77,66716.85,,,,,,,,,,,,
17-4-47,134,43899.63,67094.65,,,,,,,,,,,,
17-4-48,134,43904.12,67447,,,,,,,,,,,,
17-4-49,134,43909.46,67844.08,true,,,2,120,0,0,1,0,3,Daily1,Yes
17-4-52,134,43914.73,68245.58,,,,,,,,,,,,
17-4-53,134,43920.16,68643.28,,true,0,,,,,,,,,
17-4-57,134,42367.22,68629.08,true,,,2,5,0,0,1,0,3,Daily1,Yes
17-4-60,134,42432.89,68325.09,true,,,2,118,0,0,1,0,3,Daily1,Yes
17-4-7,134,41797.02,66852.49,,,,,,,,,,,,
17-4-9,134,42188.08,66852.52,,,,,,,,,,,,
1N-2-101,134,29846.18,81560.39,,,,,,,,,,,,
1N-2-102,134,29847.49,81713.66,,,,,,,,,,,,
1N-2-103,134,29865.71,81713.14,true,,,2,48,0,0,1,0,3,Daily1,Yes
1N-2-104,134,30229.62,81706.74,true,,,2,26,0,0,1,0,3,Daily1,Yes
1N-2-105,134,30521.86,81702.21,,,,,,,,,,,,
1N-2-106,134,30542.31,81708.58,,,,,,,,,,,,
1N-2-106.1,134,30546.01,81704.07,,,,,,,,,,,,
1N-2-106.2,134,30861.53,81813.801,false,true,0,,,,,,,,,
1N-2-22,134,29815.31,81552.932,true,,,2,8,0,0,1,0,3,Daily1,Yes
1N-2-24,134,29846.53,81504.17,,,,,,,,,,,,
1N-2-25,134,29867.21,81307.85,,,,,,,,,,,,
1N-2-26,134,29878.11,81304.77,,,,,,,,,,,,
1N-2-27,134,30059.14,81396.79,,,,,,,,,,,,
1N-2-28,134,30639.05,81516.65,,,,,,,,,,,,
1N-2-29,134,30878.26,81539.95,,true,0,,,,,,,,,
1N-2-30,134,31070.76,81554.34,,true,0,,,,,,,,,
1N-2-54,134,30879.66,81805.321,false,true,0,,,,,,,,,
1N-2-55,134,31027.96,81761.18,true,,,2,0,0,0,1,0,3,Commercial1,Yes
1N-2-CV1,134,29787.8,81556.042,,true,0,,,,,,,,,
1N-2-CV2,134,29088.842,81544.632,,true,0,,,,,,,,,
1N-3-10,134,32598.16,82069.37,,,,,,,,,,,,
1N-3-11,134,33045.81,82029.38,,,,,,,,,,,,
1N-3-12,134,33368.43,82001.32,,,,,,,,,,,,
1N-3-13,134,31214.09,81793.43,true,,,2,3,0,0,1,0,3,Daily1,Yes
1N-3-16,134,31449.11,81833.74,true,true,0,2,13,0,0,1,0,3,Daily1,Yes
1N-3-20,134,31832.98,82037.06,,,,,,,,,,,,
1N-3-21,134,32037.53,82101.11,,,,,,,,,,,,
1N-3-24,134,32240.12,82107,true,,,2,20,0,0,1,0,3,Daily1,Yes
1N-3-27,134,32604.1,82075,,true,0,,,,,,,,,
1N-3-28,134,33053.26,82036.11,true,,,2,0,0,0,1,0,3,Daily1,Yes
1N-3-29,134,33374.36,82007.65,,,,,,,,,,,,
1N-3-5,134,31430.34,81654.18,,true,0,,,,,,,,,
1N-3-6,134,31431.67,81816.6,,,,,,,,,,,,
1N-3-6.1,134,31451.185,81827.25,,,,,,,,,,,,
1N-3-7,134,31826.815,82028.96,,true,0,,,,,,,,,
1N-3-8,134,32031.29,82094.08,,,,,,,,,,,,
1N-3-9,134,32222.72,82100.98,,true,0,,,,,,,,,
1S-2-23,134,60155.37,49754.89,,,,,,,,,,,,
1S-2-24,134,60174.41,49705.09,true,true,0,2,26,0,0,1,0,3,Daily1,Yes
1S-2-36,134,60180.18,49688.54,true,,,2,18,0,0,1,0,3,Daily1,Yes
1S-2-37,134,60300.1,49382.77,,,,,,,,,,,,
1S-2-38,134,60446.38,49011.78,,,,,,,,,,,,
1S-2-39,134,60492.36,48892.97,true,,,2,274,0,0,1,0,3,Daily1,Yes
2-3-60,134,60036.01,50051.67,,,,,,,,,,,,
20-2-1,134,40730.11,63739.06,,,,,,,,,,,,
20-2-10,134,40819.45,63487.99,,,,,,,,,,,,
20-2-11,134,40732.97,63506.27,true,,,2,36,0,0,1,0,3,Daily1,Yes
20-2-12,134,40732.63,63526.36,,,,,,,,,,,,
20-2-13,134,40736.74,63901.37,,,,,,,,,,,,
20-2-14,134,40740.84,64297.33,,,,,,,,,,,,
20-2-15,134,40744.69,64699.83,,,,,,,,,,,,
20-2-16,134,40748.71,65099.71,,,,,,,,,,,,
20-2-17,134,40752.99,65499.2,,,,,,,,,,,,
20-2-18,134,40756.9,65898.6,,,,,,,,,,,,
20-2-2,134,40735.38,64237.6,,,,,,,,,,,,
20-2-23,134,40758.51,65982.4,true,,,2,32,0,0,1,0,3,Daily1,Yes
20-2-3,134,40741.29,64737.3,,true,0,,,,,,,,,
20-2-4,134,40745.84,65240.2,,,,,,,,,,,,
20-2-5,134,40751.96,65743.7,,,,,,,,,,,,
20-2-6,134,42067.9,63502.95,,,,,,,,,,,,
20-2-7,134,41735.92,63505.81,,true,0,,,,,,,,,
20-2-8,134,41573.67,63486.17,,,,,,,,,,,,
20-2-9,134,41222.65,63486.72,true,,,2,5,0,0,1,0,3,Daily1,Yes
20-3-36,134,43886.99,66047.42,true,true,0,2,49,0,0,1,0,3,Daily1,Yes
20-3-39,134,43881.84,65669.81,true,true,0,2,16,0,0,1,0,3,Daily1,Yes
20-3-42,134,43881.58,65596.67,,true,0,,,,,,,,,
20-3-43,134,43879.85,65412.69,,true,0,,,,,,,,,
20-3-43.1,134,43875.08,65051.47,,true,0,,,,,,,,,
20-3-44,134,44088.79,65411.18,true,,,2,21,0,0,1,0,3,Daily1,Yes
20-3-48,134,43870.3,64682.3,true,,,2,145,0,0,1,0,3,Daily1,Yes
20-3-68,134,43875.27,64979.13,true,true,0,2,6,0,0,1,0,3,Daily1,Yes
20-4-15,134,41693.11,62046.66,true,,,2,565,0,0,1,0,3,Daily1,Yes
20-4-32,134,41643.68,62216.57,,,,,,,,,,,,
20-4-32.1,134,41640.63,62199.39,,,,,,,,,,,,
20-4-33,134,41549.81,62388.98,,,,,,,,,,,,
20-4-34,134,41545.18,62553.52,,true,0,,,,,,,,,
20-4-35,134,41144.16,62561.2,true,,,2,0,0,0,1,0,3,Daily1,Yes
20-4-36,134,40807.95,62566.56,true,,,2,9,0,0,1,0,3,Daily1,Yes
20-4-37,134,40813.15,62680.49,true,,,2,0,0,0,1,0,3,Commercial1,Yes
20-4-38,134,40605.07,62754.22,,,,,,,,,,,,
20-4-39,134,40606.1,63207.65,,,,,,,,,,,,
20-4-40,134,40724.75,63274.93,,,,,,,,,,,,
20-4-41,134,42054.08,62219.71,true,,,2,0,0,0,1,0,3,Daily1,Yes
20-4-42,134,42204.81,62518.92,,,,,,,,,,,,
20-4-43,134,42195.2,62623.67,true,,,2,112,0,0,1,0,3,Daily1,Yes
20-4-44,134,42697.62,62616.37,,,,,,,,,,,,
20-4-45,134,42837.59,62610.5,,,,,,,,,,,,
20-4-46,134,43027.37,62633.82,true,,,2,93,0,0,1,0,3,Daily1,Yes
20-4-47,134,43400.56,62623.62,true,,,2,0,0,0,1,0,3,Daily1,Yes
20-4-48,134,43843.88,62626.34,,,,,,,,,,,,
20-4-48.1,134,43841.37,62343.8,true,,,2,5,0,0,1,0,3,Daily1,Yes
20-4-49,134,43849.84,62626.71,,,,,,,,,,,,
20-4-50,134,43856,62924.1,,,,,,,,,,,,
20-4-51,134,44173.3,62935.61,true,true,0,2,118,0,0,1,0,3,Daily1,Yes
20-4-53,134,43838.99,62260.23,,,,,,,,,,,,
20-4-53.1,134,43839.17,62174.83,true,,,2,128,0,0,1,0,3,Daily1,Yes
20-4-54,134,43834.76,61905.01,,,,,,,,,,,,
20-4-55,134,43830.54,61561.33,true,,,2,4,0,0,1,0,3,Daily1,Yes
20-4-55.1,134,44160.64,61518.71,false,,,,,,,,,,,
20-4-55.2,134,44226.91,61509.83,,,,,,,,,,,,
20-4-56,134,43829.51,61498.26,,,,,,,,,,,,
20-4-57,134,43816.96,61487.77,,,,,,,,,,,,
20-4-57.1,134,43810.69,61454,,,,,,,,,,,,
20-4-58,134,43764.56,61226.34,true,,,2,57,0,0,1,0,3,Daily1,Yes
20-4-59,134,43751.29,61161.86,,,,,,,,,,,,
20-4-60,134,41697.4,62052.46,,,,,,,,,,,,
20-4-61,134,41744.34,61751.43,,,,,,,,,,,,
20-4-62,134,41842.97,61599.81,,,,,,,,,,,,
20-4-63,134,42065.81,61204.6,,,,,,,,,,,,
20-4-64,134,42250.07,61014.52,,,,,,,,,,,,
20-4-65,134,42389.67,60959.28,true,,,2,87,0,0,1,0,3,Commercial1,Yes
20-4-69,134,43298.14,62627.46,,true,0,,,,,,,,,
21-1-1,134,44708.61,61446.75,,,,,,,,,,,,
21-1-2,134,44912.31,61379.72,true,true,0,2,77,0,0,1,0,3,Commercial1,Yes
21-1-25,134,44419.72,62864.49,true,true,0,,,,,,,,,
21-1-26,134,44548.86,62912.64,,true,0,,,,,,,,,
21-1-27,134,45006.22,62959.47,,true,0,,,,,,,,,
21-1-28,134,45362.75,62977.63,true,true,0,2,53,0,0,1,0,3,Daily1,Yes
21-1-3,134,45071.73,61357.01,true,true,0,2,316,0,0,1,0,3,Daily1,Yes
21-1-39,134,45650.67,62980.56,true,,,2,53,0,0,1,0,3,Daily1,Yes
21-1-51,134,45687.31,62981.52,true,true,0,2,3,0,0,1,0,3,Daily1,Yes
21-1-53,134,45931.06,62978.09,true,,,2,26,0,0,1,0,3,Daily1,Yes
21-1-53.1,134,45991.75,62977.31,,,,,,,,,,,,
21-1-57,134,45989.01,62987.05,,,,,,,,,,,,
21-1-58,134,46208.95,62986.34,true,,,2,57,0,0,1,0,3,Daily1,Yes
21-1-63,134,46203.17,62976.61,,,,,,,,,,,,
21-1-64,134,46403.43,62975.66,,,,,,,,,,,,
21-1-65,134,46518.53,62974.95,,,,,,,,,,,,
21-1-66,134,46187.16,62708.44,,,,,,,,,,,,
21-1-67,134,46163.09,62403.76,,,,,,,,,,,,
21-1-68,134,46239.63,62297.22,true,,,2,6,0,0,1,0,3,Daily1,Yes
21-1-70,134,46339.93,62384.82,,true,0,,,,,,,,,
21-1-71,134,46430.83,62282.28,,,,,,,,,,,,
21-1-72,134,46566.22,62276.72,true,,,2,7,0,0,1,0,3,Daily1,Yes
21-1-74,134,46736.66,62269.95,,,,,,,,,,,,
21-1-75,134,46838.97,62048.67,true,,,2,123,0,0,1,0,3,Daily1,Yes
21-1-76,134,46808.14,61949.89,,,,,,,,,,,,
21-1-77,134,46803.02,61496.23,true,,,2,81,0,0,1,0,3,Daily1,Yes
21-2-20,134,44711.11,64674.82,true,true,0,2,40,0,0,1,0,3,Daily1,Yes
21-2-21,134,44317.07,64678.65,,true,0,,,,,,,,,
21-2-22,134,44769.98,64674.34,,,,,,,,,,,,
21-2-23,134,45222.6,64670.63,,,,,,,,,,,,
21-2-23.1,134,45324.05,64669.98,true,,,2,8,0,0,1,0,3,Daily1,Yes
21-2-24,134,45643.11,64667.19,true,,,2,337,0,0,1,0,3,Daily1,Yes
21-2-54,134,44436.31,65403.86,true,,,2,10,0,0,1,0,3,Daily1,Yes
21-2-56,134,44526.63,65570.69,,,,,,,,,,,,
21-2-57,134,44756.96,65569.8,,,,,,,,,,,,
21-2-58,134,44775.31,65592.82,true,,,2,92,0,0,1,0,3,Daily1,Yes
21-2-58.1,134,44827.05,65657.66,,true,0,,,,,,,,,
21-2-71,134,44973.54,65737.13,,true,0,,,,,,,,,
21-2-72,134,45269.06,65922.19,true,,,2,68,0,0,1,0,3,Daily1,Yes
21-2-89,134,45626.78,66079.35,,true,0,,,,,,,,,
21-2-90,134,45763.02,66009.36,,,,,,,,,,,,
21-2-91,134,46021.02,66199.11,true,true,0,2,10,0,0,1,0,3,Daily1,Yes
21-2-94,134,46186.56,66100.29,true,,,2,155,0,0,1,0,3,Daily1,Yes
21-3-68,134,49175.86,66051.13,true,,,2,335,0,0,1,0,3,Daily1,Yes
21-3-82,134,48068.53,63416.03,,true,0,,,,,,,,,
21-3-83,134,48176.23,63418.3,,,,,,,,,,,,
21-3-84,134,48399.05,63422.39,,,,,,,,,,,,
21-3-84.1,134,48663.72,63416.62,,,,,,,,,,,,
21-3-85,134,48871.5,63409.72,,,,,,,,,,,,
21-3-86,134,49324.39,63406.44,,,,,,,,,,,,
21-3-87,134,49525.15,63406.55,true,,,2,36,0,0,1,0,3,Daily1,Yes
21-4-1,134,46875.09,61156.16,true,,,2,10,0,0,1,0,3,Daily1,Yes
21-4-100,134,49518.19,61886.19,,,,,,,,,,,,
21-4-101,134,49511.74,61784.64,,,,,,,,,,,,
21-4-102,134,49510.95,61537.64,,,,,,,,,,,,
21-4-103,134,49509.95,61188.02,,,,,,,,,,,,
21-4-15,134,47199.27,61445.18,,,,,,,,,,,,
21-4-16,134,47600.41,61393.32,,,,,,,,,,,,
21-4-17,134,47885.33,61356.98,true,,,2,69,0,0,1,0,3,Daily1,Yes
21-4-2,134,47345.36,61097.26,,true,0,,,,,,,,,
21-4-3,134,47364.33,61095.1,true,true,0,2,34,0,0,1,0,3,Daily1,Yes
21-4-4,134,47824.58,61037.39,,true,0,,,,,,,,,
21-4-42,134,46938.67,62973.79,,,,,,,,,,,,
21-4-43,134,47083.32,63139.73,,,,,,,,,,,,
21-4-44,134,47583.83,63246.77,true,,,2,200,0,0,1,0,3,Daily1,Yes
21-4-45,134,47597.43,63266.58,,,,,,,,,,,,
21-4-46,134,47669.04,63290.33,,true,0,,,,,,,,,
21-4-5,134,47936.29,61025.68,true,true,0,2,203,0,0,1,0,3,Daily1,Yes
21-4-94,134,49525.04,63384.41,,,,,,,,,,,,
21-4-95,134,49522.6,63038.81,,,,,,,,,,,,
21-4-96,134,49521.32,62788.94,true,,,2,22,0,0,1,0,3,Daily1,Yes
21-4-97,134,49520.3,62631.96,,,,,,,,,,,,
21-4-98,134,49519.22,62286.04,true,,,2,16,0,0,1,0,3,Daily1,Yes
21-4-99,134,49519.68,62049.38,true,,,2,128,0,0,1,0,3,Daily1,Yes
22-1-39,134,49617.51,63403.15,,,,,,,,,,,,
22-1-40,134,49890.19,63373.98,true,,,2,259,0,0,1,0,3,Daily1,Yes
22-2-1,134,49934.92,63537.45,,,,,,,,,,,,
22-2-22,134,50218.03,63916.82,,,,,,,,,,,,
22-2-23,134,50359.76,64035.2,,,,,,,,,,,,
22-2-24,134,50443.49,64063.11,,,,,,,,,,,,
22-2-25,134,50692.19,64063.4,true,,,2,0,0,0,1,0,3,Daily1,Yes
22-2-26,134,51031.13,64065.58,,,,,,,,,,,,
22-2-27,134,51032.81,64293.26,,,,,,,,,,,,
22-2-28,134,51242.7,64333.08,,,,,,,,,,,,
22-2-29,134,51326.89,64367.31,,,,,,,,,,,,
22-2-3.1,134,49998.11,63730.11,true,,,2,743,0,0,1,0,3,Daily1,Yes
22-2-30,134,51341.5,64375.12,,true,0,,,,,,,,,
22-2-31,134,51660.06,64373.08,,,,,,,,,,,,
22-2-32,134,52169.38,64368.91,,true,0,,,,,,,,,
22-2-32.1,134,52176.37,64196.77,,,,,,,,,,,,
22-3-1,134,52191.26,63377.56,,,,,,,,,,,,
22-3-2,134,52192.89,63797.94,,,,,,,,,,,,
22-3-3,134,52194.54,64186.43,true,,,2,236,0,0,1,0,3,Daily1,Yes
22-3-34,134,52222.83,64196.47,,,,,,,,,,,,
22-3-35,134,52512,64194.56,,,,,,,,,,,,
22-3-36,134,52912.02,64193.93,,true,0,,,,,,,,,
22-3-37,134,53162.03,64191.77,,true,0,,,,,,,,,
22-3-38,134,53361.74,64192.19,,,,,,,,,,,,
22-3-39,134,53362.11,63977.35,,,,,,,,,,,,
22-3-4,134,52195.45,64362.33,,,,,,,,,,,,
22-3-40,134,53662.91,63976.87,,,,,,,,,,,,
22-3-41,134,53665.34,64257.09,,,,,,,,,,,,
22-3-42,134,54028.43,64253.85,,,,,,,,,,,,
22-3-43,134,54415.02,64254.48,,,,,,,,,,,,
22-3-43.1,134,54457.28,64253.87,true,,,2,9,0,0,1,0,3,Daily1,Yes
22-3-44,134,54804.52,64244.23,,,,,,,,,,,,
22-3-5,134,52195.09,64367.93,,,,,,,,,,,,
22-4-15,134,52182.98,61862.57,true,,,2,168,0,0,1,0,3,Daily1,Yes
22-4-46,134,52183.54,61902.83,,,,,,,,,,,,
22-4-47,134,52184.34,62245.56,,,,,,,,,,,,
22-4-48,134,52187,62596.89,,,,,,,,,,,,
22-4-49,134,52187.24,62639.74,true,,,2,256,0,0,1,0,3,Daily1,Yes
22-4-79,134,52188.65,62997.07,true,,,2,26,0,0,1,0,3,Daily1,Yes
23-1-36,134,56901.26,61104.42,,true,0,,,,,,,,,
23-1-37,134,56905.54,61397.18,,,,,,,,,,,,
23-1-38,134,56908.49,61701.61,true,true,0,2,69,0,0,1,0,3,Daily1,Yes
23-1-39,134,56906.81,62024.63,true,,,2,40,0,0,1,0,3,Daily1,Yes
23-1-62,134,56908.86,62218.84,true,,,2,28,0,0,1,0,3,Daily1,Yes
23-1-72,134,56928.06,62540.96,,,,,,,,,,,,
23-1-73,134,57005.05,62887.92,,true,0,,,,,,,,,
23-1-74,134,57091.87,63277.03,,,,,,,,,,,,
23-1-75,134,57154.39,63540.03,false,,,,,,,,,,,
23-1-75.1,134,57103.69,63549.18,,,,,,,,,,,,
23-1-75.10,134,55840.77,63880.51,,,,,,,,,,,,
23-1-75.11,134,55609.05,63836.07,,,,,,,,,,,,
23-1-75.12,134,55358.12,63836.38,,,,,,,,,,,,
23-1-75.13,134,55057.33,63839.47,,,,,,,,,,,,
23-1-75.14,134,54849.02,63842.09,true,true,0,2,0,0,0,1,0,3,Commercial1,Yes
23-1-75.15,134,54852.57,64236.5,true,,,2,135,0,0,1,0,3,Commercial1,Yes
23-1-75.2,134,57093.19,63579.38,,,,,,,,,,,,
23-1-75.3,134,56715.52,63693.09,true,,,2,74,0,0,1,0,3,Daily1,Yes
23-1-75.4,134,56588.92,63859.23,true,,,2,60,0,0,1,0,3,Commercial1,Yes
23-1-75.5,134,56456.22,64033.79,,,,,,,,,,,,
23-1-75.6,134,56338.15,64106.31,true,,,2,135,0,0,1,0,3,Commercial1,Yes
23-1-75.8,134,56200.18,64088.18,,,,,,,,,,,,
23-1-75.9,134,56037.31,63978.09,true,,,2,88,0,0,1,0,3,Commercial1,Yes
23-1-77,134,57201.37,63528.52,,true,0,,,,,,,,,
23-1-77.1,134,57218.26,63523.88,true,true,0,2,167,0,0,1,0,3,Daily1,Yes
23-1-77.2,134,57240.84,63590.75,,,,,,,,,,,,
23-1-83,134,57221.01,63615,true,true,0,2,20,0,0,1,0,3,Commercial1,Yes
23-2-10,134,57575.4,63566.26,,,,,,,,,,,,
23-2-11,134,57647.58,63296.56,true,,,2,23,0,0,1,0,3,Daily1,Yes
23-2-16.1,134,57750.15,63068.46,,,,,,,,,,,,
23-2-16.2,134,57863.59,62981.9,,,,,,,,,,,,
23-2-16.3,134,58142.51,62862.3,,,,,,,,,,,,
23-2-16.4,134,58480.14,62646.86,,,,,,,,,,,,
23-2-16.5,134,58738.15,62442.9,true,,,2,10,0,0,1,0,3,Daily1,Yes
23-2-16.6,134,58904.68,62164.15,true,,,2,25,0,0,1,0,3,Daily1,Yes
23-2-16.7,134,58953.78,62195.22,,,,,,,,,,,,
23-2-16.8,134,58891.39,62333.45,true,true,0,2,20,0,0,1,0,3,Daily1,Yes
23-2-16.9,134,59035.34,62420.61,true,true,0,2,0,0,0,1,0,3,Commercial1,Yes
23-2-17,134,57506.29,63857.73,true,,,2,54,0,0,1,0,3,Commercial1,Yes
23-2-6,134,57326.86,64109.52,,,,,,,,,,,,
23-2-7,134,57340.33,64113.32,true,,,2,18,0,0,1,0,3,Commercial1,Yes
23-2-8,134,57414.17,63984.41,,,,,,,,,,,,
23-2-9,134,57574.05,63770.57,,,,,,,,,,,,
25-2-17,134,60670.38,59241.93,,,,,,,,,,,,
25-2-18,134,60722.72,59273.18,,true,0,,,,,,,,,
25-2-19,134,61084.99,59122.65,,,,,,,,,,,,
25-2-20,134,61368.11,59066.01,true,true,0,2,74,0,0,1,0,3,Daily1,Yes
25-2-25,134,61574.76,59023.5,,,,,,,,,,,,
25-2-26,134,61910.63,59036.77,true,,,2,75,0,0,1,0,3,Daily1,Yes
25-2-27,134,61953.42,58931.9,,,,,,,,,,,,
25-2-28,134,61961.66,58749.48,,true,0,,,,,,,,,
25-2-29,134,62014.2,58454.81,,,,,,,,,,,,
25-2-30,134,62074.12,58131.63,,,,,,,,,,,,
25-2-31,134,62137.91,58142.25,,,,,,,,,,,,
25-2-32,134,62232.87,58155.87,true,,,2,146,0,0,1,0,3,Daily1,Yes
25-2-39,134,62243.49,59056.98,,,,,,,,,,,,
25-2-40,134,62499.91,59041.41,,,,,,,,,,,,
25-2-41,134,62764.15,58997.14,true,,,2,0,0,0,1,0,3,Daily1,Yes
25-2-42,134,63021.44,58901.68,true,,,2,640,0,0,1,0,3,Canyon_Daily,Yes
25-2-6,134,60291.63,59448.06,,,,,,,,,,,,
25-2-7,134,60602.44,59274.03,true,,,2,39,0,0,1,0,3,Daily1,Yes
26-1-43,134,54765.99,57030.24,,,,,,,,,,,,
26-1-44,134,54770.87,57451.87,,,,,,,,,,,,
26-1-45,134,54775.53,57803.41,,,,,,,,,,,,
26-1-46,134,54777.52,57927.98,true,,,2,16,0,0,1,0,3,Daily1,Yes
26-1-47,134,55061.82,57925.49,true,true,0,2,176,0,0,1,0,3,Daily1,Yes
26-1-88,134,55315.89,57923.36,true,,,2,25,0,0,1,0,3,Daily1,Yes
26-1-90,134,55777.03,57919.32,,,,,,,,,,,,
26-1-91,134,56206.37,57915.43,,,,,,,,,,,,
26-1-92,134,56329.41,57913.25,true,true,0,2,22,0,0,1,0,3,Daily1,Yes
26-1-93,134,56658.01,57909.11,,,,,,,,,,,,
26-1-94,134,57085.12,57902.28,,,,,,,,,,,,
26-1-95,134,57285.55,57941.71,,,,,,,,,,,,
26-1-96,134,57318.33,57693.23,true,,,2,163,0,0,1,0,3,Daily1,Yes
26-2-1,134,54780.09,58154.35,,,,,,,,,,,,
26-2-11,134,54787.39,58702.96,,true,0,,,,,,,,,
26-2-16,134,54790.97,58953.2,true,true,0,2,26,0,0,1,0,3,Daily1,Yes
26-2-2,134,54783.61,58409.09,true,true,0,2,57,0,0,1,0,3,Daily1,Yes
26-2-21,134,54791.5,59002.06,true,,,2,21,0,0,1,0,3,Daily1,Yes
26-2-22,134,54795.35,59303.74,,,,,,,,,,,,
26-2-23,134,54800.04,59652.94,,,,,,,,,,,,
26-2-24,134,54804.54,59940.71,true,,,2,30,0,0,1,0,3,Daily1,Yes
26-2-24.1,134,54805.01,60002.93,,,,,,,,,,,,
26-2-28,134,54809.79,60353.62,,,,,,,,,,,,
26-2-29,134,54815.12,60707.39,,,,,,,,,,,,
26-2-30,134,55091.46,60704.82,true,,,2,10,0,0,1,0,3,Daily1,Yes
26-2-32,134,55196.33,60705.39,,,,,,,,,,,,
26-2-33,134,55348.09,60703.72,true,true,0,2,32,0,0,1,0,3,Daily1,Yes
26-2-37,134,55599.93,60701.46,true,,,2,308,0,0,1,0,3,Daily1,Yes
26-2-39,134,55643.25,60656.54,,,,,,,,,,,,
26-2-94,134,56896.44,60690.49,,,,,,,,,,,,
26-2-95,134,56926.24,60690.26,,true,0,,,,,,,,,
26-2-96,134,57142.8,60688.49,true,,,2,13,0,0,1,0,3,Daily1,Yes
26-2-96.1,134,57342.12,60688.1,true,true,0,2,7,0,0,1,0,3,Daily1,Yes
26-2-99,134,57495.47,60686.16,true,,,2,23,0,0,1,0,3,Daily1,Yes
26-3-1,134,57593.39,60685.39,true,,,2,9,0,0,1,0,3,Daily1,Yes
26-3-23,134,58199.16,60574.43,,,,,,,,,,,,
26-3-24,134,58492.13,60417.1,,,,,,,,,,,,
26-3-25,134,58637.82,60339.37,true,true,0,2,223,0,0,1,0,3,Daily1,Yes
26-3-3,134,57846.51,60683.32,,true,0,,,,,,,,,
26-3-4,134,57921.71,60660.02,true,,,2,99,0,0,1,0,3,Daily1,Yes
26-3-70,134,58648.95,60349.81,,,,,,,,,,,,
26-3-71,134,58984.62,60170.26,false,,,,,,,,,,,
26-3-72,134,59006.97,60196.39,,,,,,,,,,,,
26-3-73,134,59217.22,60083.43,,,,,,,,,,,,
26-3-73.1,134,59465.57,59951.3,true,true,0,2,10,0,0,1,0,3,Daily1,Yes
26-3-73.5,134,59344.72,60013.95,,true,0,,,,,,,,,
26-3-74,134,59484.05,59939.71,,true,0,,,,,,,,,
26-3-75,134,59736.72,59803.58,,true,0,,,,,,,,,
26-3-76,134,59821.38,59730.77,true,true,0,2,16,0,0,1,0,3,Daily1,Yes
26-3-83,134,59909.36,59659.42,,,,,,,,,,,,
26-3-84,134,60046.9,59582.85,true,true,0,2,66,0,0,1,0,3,Daily1,Yes
27-1-45,134,52144.09,57954.31,,,,,,,,,,,,
27-1-46,134,52141.68,57649.69,,,,,,,,,,,,
27-1-47,134,52141.59,57568.24,true,true,0,2,33,0,0,1,0,3,Daily1,Yes
27-1-47.1,134,52141.53,57484.39,true,true,0,2,6,0,0,1,0,3,Daily1,Yes
27-1-48,134,52139.22,57254.1,true,,,2,14,0,0,1,0,3,Daily1,Yes
27-1-49,134,52139.03,57219.56,true,,,2,6,0,0,1,0,3,Daily1,Yes
27-1-51,134,52134.99,56742.66,,,,,,,,,,,,
27-1-52,134,50131.04,55583.61,true,,,2,366,0,0,1,0,3,Daily1,Yes
27-2-101,134,51104.89,60731.18,true,,,2,43,0,0,1,0,3,Daily1,Yes
27-2-102,134,51501.67,60727.25,,,,,,,,,,,,
27-2-103,134,51853.53,60724.02,,,,,,,,,,,,
27-2-104,134,52167.39,60719.24,true,,,2,61,0,0,1,0,3,Daily1,Yes
27-2-105,134,52164.19,60353.4,,,,,,,,,,,,
27-2-106,134,52161.41,60002.07,,,,,,,,,,,,
27-2-107,134,52159.59,59864.34,true,,,2,31,0,0,1,0,3,Daily1,Yes
27-2-108,134,52159.14,59737.16,true,,,2,33,0,0,1,0,3,Daily1,Yes
27-2-109,134,52158.8,59699.7,,,,,,,,,,,,
27-2-110,134,52156.81,59463.91,true,,,2,34,0,0,1,0,3,Daily1,Yes
27-2-111,134,52156.32,59350.07,,,,,,,,,,,,
27-2-112,134,52155.14,59223.07,true,true,0,2,43,0,0,1,0,3,Daily1,Yes
27-2-113,134,52152.33,58954.6,,,,,,,,,,,,
27-2-114,134,52152.04,58718.03,true,,,2,158,0,0,1,0,3,Daily1,Yes
27-2-115,134,52149.56,58602.5,,,,,,,,,,,,
27-2-116,134,52148.68,58469.71,true,,,2,190,0,0,1,0,3,Daily1,Yes
27-2-117,134,52146.72,58257.07,,,,,,,,,,,,
27-2-118,134,52146.48,58226.88,true,,,2,45,0,0,1,0,3,Daily1,Yes
27-2-3,134,49501.43,59415.4,true,,,2,437,0,0,1,0,3,Daily1,Yes
27-2-4,134,49503.73,59798.61,,,,,,,,,,,,
27-2-5,134,49505.11,60096.65,,,,,,,,,,,,
27-2-54,134,49906.6,60781.27,,,,,,,,,,,,
27-2-55,134,49980.09,60772.75,true,,,2,85,0,0,1,0,3,Daily1,Yes
27-2-6,134,49507.01,60446.73,,,,,,,,,,,,
27-2-69,134,50516.22,60732.36,,,,,,,,,,,,
27-2-69.1,134,50267.1,60739.64,,,,,,,,,,,,
27-2-7,134,49507.61,60828.97,true,,,2,239,0,0,1,0,3,Daily1,Yes
27-2-70,134,50704.66,60734.83,,,,,,,,,,,,
27-2-71,134,51054.9,60731.18,,,,,,,,,,,,
27-3-102,134,53552.05,60712.18,,,,,,,,,,,,
27-3-103,134,53899.84,60711.69,,,,,,,,,,,,
27-3-104,134,54250.37,60712.84,,,,,,,,,,,,
27-3-105,134,54545.02,60709.85,true,,,2,124,0,0,1,0,3,Daily1,Yes
27-3-87,134,52499.2,60717.27,,,,,,,,,,,,
27-3-88,134,52903.24,60715.1,,,,,,,,,,,,
27-3-89,134,53205.59,60713.7,,,,,,,,,,,,
27-3-90,134,53328.22,60713.23,true,,,2,70,0,0,1,0,3,Daily1,Yes
27-4-24,134,52342.73,56740.79,true,,,2,140,0,0,1,0,3,Daily1,Yes
27-4-25,134,52897.49,56733.18,true,,,2,72,0,0,1,0,3,Daily1,Yes
27-4-29,134,53068.79,56649.39,true,true,0,2,16,0,0,1,0,3,Daily1,Yes
27-4-31,134,53172.32,56599.69,,true,0,,,,,,,,,
27-4-32,134,53432.54,56339.77,,,,,,,,,,,,
27-4-33,134,53646.89,56127.31,,,,,,,,,,,,
27-4-34,134,53762.77,56012.89,true,,,2,47,0,0,1,0,3,Daily1,Yes
27-4-37,134,53929.49,55845.5,,,,,,,,,,,,
27-4-38,134,54177.96,55598.77,,,,,,,,,,,,
27-4-39,134,54343.04,55479.39,,,,,,,,,,,,
27-4-49,134,54525.52,56791.46,true,,,2,202,0,0,1,0,3,Daily1,Yes
28-1-21,134,44648.6,57590.91,true,,,2,190,0,0,1,0,3,Daily1,Yes
28-1-30,134,44852.39,57506.02,,,,,,,,,,,,
28-1-30.1,134,44925.85,57424.76,true,true,0,2,8,0,0,1,0,3,Daily1,Yes
28-1-31,134,44976.51,57368.08,true,,,2,2,0,0,1,0,3,Daily1,Yes
28-1-33,134,45035.02,57298.79,true,,,2,12,0,0,1,0,3,Daily1,Yes
28-1-37,134,45236.36,57069.9,,,,,,,,,,,,
28-1-38,134,45369.69,57057.28,true,,,2,44,0,0,1,0,3,Daily1,Yes
28-1-49,134,45578.29,57040.07,,true,0,,,,,,,,,
28-1-50,134,45655.03,57027.14,true,,,2,4,0,0,1,0,3,Daily1,Yes
28-1-53,134,45757.42,57011.56,true,,,2,4,0,0,1,0,3,Daily1,Yes
28-1-55,134,45776.61,57006.96,true,,,,,,,,,,,
28-1-56,134,46028.79,56878.64,true,,,2,6,0,0,1,0,3,Daily1,Yes
28-1-60,134,46132.31,56865.84,true,,,2,13,0,0,1,0,3,Daily1,Yes
28-1-66,134,46630.95,56809.97,true,,,2,51,0,0,1,0,3,Daily1,Yes
28-1-74,134,46648.69,56807.46,true,true,0,,,,,,,,,
28-1-75,134,46669.69,56802.11,true,,,2,3,0,0,1,0,3,Daily1,Yes
28-1-77,134,46844.45,56751.25,true,,,2,46,0,0,1,0,3,Daily1,Yes
28-1-83,134,44497.98,58442,,true,0,,,,,,,,,
28-1-84,134,44563.23,58201.64,,true,0,,,,,,,,,
28-1-85,134,44503.37,58075.66,true,true,0,2,11,0,0,1,0,3,Daily1,Yes
28-1-86,134,44428.18,57935.4,,true,0,,,,,,,,,
28-1-87,134,44448.93,57872.39,true,true,0,,,,,,,,,
28-1-88,134,44415.82,57611.63,true,true,0,2,43,0,0,1,0,3,Daily1,Yes
28-1-89,134,44475.61,57604.61,,true,0,,,,,,,,,
28-2-58,134,46863.17,59757.83,true,,,2,169,0,0,1,0,3,Daily1,Yes
28-2-59,134,46864.17,59957.59,true,,,2,22,0,0,1,0,3,Daily1,Yes
28-2-63,134,46865.38,60060.28,,,,,,,,,,,,
28-2-64,134,46866.64,60269.11,true,,,2,12,0,0,1,0,3,Daily1,Yes
28-2-68,134,46868.31,60417.77,,,,,,,,,,,,
28-2-69,134,46869.83,60572.83,true,,,2,6,0,0,1,0,3,Daily1,Yes
28-2-70,134,46871.18,60760.03,true,,,2,36,0,0,1,0,3,Daily1,Yes
28-2-95,134,44315.79,58759.99,,true,0,,,,,,,,,
28-2-96,134,44497.15,58678.85,,,,,,,,,,,,
28-3-21,134,47914.96,59431.8,true,true,0,2,334,0,0,1,0,3,Daily1,Yes
28-3-22,134,47915.14,59444.49,true,true,0,2,160,0,0,1,0,3,Daily1,Yes
28-3-54,134,47915.63,59664.21,true,true,0,2,7,0,0,1,0,3,Daily1,Yes
28-3-54.1,134,47918.87,59827.86,,true,0,,,,,,,,,
28-3-56,134,47920.29,59971.12,true,true,0,2,25,0,0,1,0,3,Daily1,Yes
28-3-61,134,47922.85,60227.15,,true,0,,,,,,,,,
28-3-62,134,47926.74,60624.32,,true,0,,,,,,,,,
28-3-63,134,47928.22,60655.77,true,true,0,2,37,0,0,1,0,3,Daily1,Yes
28-4-10,134,47266.06,56490.04,true,,,2,29,0,0,1,0,3,Daily1,Yes
28-4-11,134,47168.87,56600.46,,,,,,,,,,,,
28-4-12,134,47001.42,56705.7,,,,,,,,,,,,
28-4-13,134,47295.43,56455.34,,,,,,,,,,,,
28-4-14,134,47400.72,56336.86,,,,,,,,,,,,
28-4-15,134,47746.1,56101.32,true,,,2,17,0,0,1,0,3,Daily1,Yes
28-4-18,134,47701.03,55997.66,,,,,,,,,,,,
28-4-19,134,47683.95,55731.27,,,,,,,,,,,,
28-4-20,134,47615.58,55546.97,,,,,,,,,,,,
28-4-21,134,48080.16,55883.05,true,,,2,147,0,0,1,0,3,Daily1,Yes
28-4-22,134,48382.93,55677.8,,,,,,,,,,,,
28-4-23,134,48131.92,55941.14,,,,,,,,,,,,
28-4-24,134,48351.74,55919.07,,,,,,,,,,,,
28-4-25,134,48382.38,56241.72,,,,,,,,,,,,
28-4-26,134,48581.48,56236.34,true,,,2,15,0,0,1,0,3,Daily1,Yes
28-4-30,134,48596.48,56090.5,,,,,,,,,,,,
28-4-31,134,48663.72,55939.42,,true,0,,,,,,,,,
28-4-32,134,48921.02,55717.09,,,,,,,,,,,,
28-4-33,134,49091.71,55714.2,,,,,,,,,,,,
28-4-34,134,49088.47,55486.37,,,,,,,,,,,,
28-4-35,134,49510.71,55481.93,,,,,,,,,,,,
28-4-36,134,49982,55477.62,,,,,,,,,,,,
28-4-36.2,134,50030.56,55441.17,true,,,2,7,0,0,1,0,3,Daily1,Yes
29-3-1,134,42730.49,58201.74,true,,,2,96,0,0,1,0,3,Commercial1,Yes
29-3-12,134,43254.14,59163.89,,,,,,,,,,,,
29-3-13,134,43371.95,59346.62,,true,0,,,,,,,,,
29-3-2,134,42783.61,58329.4,,,,,,,,,,,,
29-3-22,134,43482.85,59523.28,true,,,2,184,0,0,1,0,3,Daily1,Yes
29-3-28,134,43609.91,59871.37,true,,,2,24,0,0,1,0,3,Commercial1,Yes
29-3-28.5,134,43569.78,59662.55,,,,,,,,,,,,
29-3-29,134,43581.11,60191.44,,,,,,,,,,,,
29-3-29.1,134,43596.71,60023.1,,,,,,,,,,,,
29-3-3,134,42921.24,58628.8,true,true,0,2,12,0,0,1,0,3,Daily1,Yes
29-3-30,134,43573.29,60410.1,,,,,,,,,,,,
29-3-31,134,43611.35,60570.83,true,,,2,50,0,0,1,0,3,Commercial1,Yes
29-3-32,134,43659.55,60772.78,,true,0,,,,,,,,,
29-3-33,134,42789.71,58330.11,,,,,,,,,,,,
29-3-34,134,42937.08,58646.59,,,,,,,,,,,,
29-3-35,134,43052.63,58830.78,,,,,,,,,,,,
29-3-36,134,43154.63,58994.49,,,,,,,,,,,,
29-3-37,134,43266.95,59174.37,,,,,,,,,,,,
29-3-38,134,43301.84,59228.65,,,,,,,,,,,,
29-3-39,134,43349.81,59304.6,,,,,,,,,,,,
29-3-4,134,42930.21,58644.6,,,,,,,,,,,,
29-3-40,134,43364.64,59358.04,true,true,0,2,35,0,0,1,0,3,Daily1,Yes
29-3-41,134,43535.84,59763.14,,,,,,,,,,,,
29-3-42,134,43460.26,59933.77,,,,,,,,,,,,
29-3-43,134,43312.7,60121.92,,,,,,,,,,,,
29-3-44,134,43114.56,60277.05,,,,,,,,,,,,
29-3-45,134,43010.16,60354.25,true,,,2,46,0,0,1,0,3,Commercial1,Yes
29-3-48,134,42926.2,60415.03,true,,,2,8,0,0,1,0,3,Commercial1,Yes
29-3-51,134,42570.53,60680.81,,,,,,,,,,,,
29-3-52,134,42438.75,60802.5,,,,,,,,,,,,
29-3-63,134,43413.12,59325.19,,true,0,,,,,,,,,
29-3-65,134,43430.36,59303.06,,true,0,,,,,,,,,
29-3-66,134,43469.98,59274.07,true,true,0,2,35,0,0,1,0,3,Daily1,Yes
29-3-67,134,43698.44,59159.47,,true,0,,,,,,,,,
29-3-68,134,43838.44,59118.29,true,true,0,2,26,0,0,1,0,3,Daily1,Yes
29-3-69,134,43946.83,59086.6,,true,0,,,,,,,,,
29-3-7,134,43133.9,58970.91,,,,,,,,,,,,
29-3-70,134,44105.65,59026.08,true,true,0,2,143,0,0,1,0,3,Daily1,Yes
29-3-8,134,43207.63,59088.36,true,,,2,144,0,0,1,0,3,Daily1,Yes
29-4-20,134,41654.78,57010.05,true,,,2,101,0,0,1,0,3,Daily1,Yes
29-4-21,134,42000.13,57011.78,,,,,,,,,,,,
29-4-22,134,42348.65,57014.08,,,,,,,,,,,,
29-4-23,134,42650.77,57015.92,,,,,,,,,,,,
29-4-24,134,42942.99,57017.14,,,,,,,,,,,,
29-4-25,134,42958.66,56842.34,true,,,2,6,0,0,1,0,3,Commercial1,Yes
29-4-26,134,43127.14,56841.54,,,,,,,,,,,,
29-4-27,134,43127.02,56338.07,,,,,,,,,,,,
29-4-28,134,43124.95,56103.02,,,,,,,,,,,,
29-4-29,134,43103,56091.66,,,,,,,,,,,,
29-4-30,134,43101.8,55801.99,,,,,,,,,,,,
29-4-31,134,41659.12,57541.53,,,,,,,,,,,,
29-4-32,134,41662.51,57838.15,,,,,,,,,,,,
29-4-33,134,41665.6,58149.61,,true,0,,,,,,,,,
29-4-34,134,42017.04,58160.07,,true,0,,,,,,,,,
29-4-35,134,42042.51,58212.69,,true,0,,,,,,,,,
29-4-36,134,42263.85,58118.42,,,,,,,,,,,,
29-4-37,134,42311.33,58274.14,,,,,,,,,,,,
29-4-37.1,134,42342.66,58278.35,,,,,,,,,,,,
29-4-37.2,134,42411.99,58242.79,,,,,,,,,,,,
29-4-37.3,134,42472.6,58223.84,,,,,,,,,,,,
29-4-38,134,42531.79,58177.74,,,,,,,,,,,,
29-4-39,134,42718.02,58170.32,true,,,2,38,0,0,1,0,3,Daily1,Yes
29-4-40,134,42712.5,58150.38,false,true,0,,,,,,,,,
29-4-40.1,134,42718.72,58156.31,,true,0,,,,,,,,,
29-4-40A,134,42713.254,58153.203,,true,0,,,,,,,,,
29-4-41,134,42661.65,57977.92,,,,,,,,,,,,
29-4-42,134,42643.94,57820.58,,,,,,,,,,,,
29-4-43,134,42617.77,57800.55,,true,0,,,,,,,,,
29-4-44,134,42616.8,57685.02,,,,,,,,,,,,
29-4-45,134,42679.17,57443.6,,,,,,,,,,,,
29-4-46,134,42728.19,57175.04,,,,,,,,,,,,
29-4-47,134,42729.62,57022.15,,,,,,,,,,,,
29-4-48,134,42949.1,57021.04,,,,,,,,,,,,
29-4-49,134,42959.49,56852.06,,,,,,,,,,,,
29-4-50,134,43037.38,56851.11,,,,,,,,,,,,
29-4-51,134,43033.75,56572.92,,,,,,,,,,,,
29-4-52,134,43130.83,56570.27,,,,,,,,,,,,
29-4-53,134,43132.62,56393.44,,,,,,,,,,,,
29-4-54,134,43135.44,56142.26,true,,,2,0,0,0,1,0,3,Commercial1,Yes
29-4-55,134,43132.48,56088.93,,,,,,,,,,,,
29-4-56,134,43112.76,56074.65,,,,,,,,,,,,
29-4-57,134,43106.55,55811.23,,,,,,,,,,,,
29-4-58,134,43104.66,55535.11,true,,,2,77,0,0,1,0,3,Commercial1,Yes
3-1-117,134,49542.35,44888.41,true,true,0,2,182,0,0,1,0,3,Daily1,Yes
3-1-118,134,49582.57,44887.35,true,,,2,36,0,0,1,0,3,Daily1,Yes
3-1-119,134,49979.86,44888.3,,,,,,,,,,,,
3-1-119.1,134,50041.76,44888.24,true,,,2,204,0,0,1,0,3,Commercial1,Yes
3-1-120,134,50374.62,44884.87,,,,,,,,,,,,
3-1-121,134,50394.29,44894.22,,,,,,,,,,,,
3-1-13,134,50782.27,44893.86,,,,,,,,,,,,
3-1-13.1,134,51190.47,44892.27,,,,,,,,,,,,
3-1-14,134,51284.74,44871.24,true,,,2,9,0,0,1,0,3,Daily1,Yes
3-1-30,134,49685.82,46539.81,true,,,2,156,0,0,1,0,3,Daily1,Yes
3-1-32,134,49747.95,46539.31,,true,0,,,,,,,,,
3-1-33,134,50051.39,46604.41,,,,,,,,,,,,
3-1-34,134,50106.99,46616.23,true,true,0,2,10,0,0,1,0,3,Daily1,Yes
3-1-37,134,50391.07,46677.62,true,,,2,10,0,0,1,0,3,Daily1,Yes
3-1-39,134,50627.94,46728.68,,,,,,,,,,,,
3-1-40,134,50677.62,46718.12,true,,,2,14,0,0,1,0,3,Daily1,Yes
3-1-42,134,50962.68,46660.8,true,,,2,26,0,0,1,0,3,Daily1,Yes
3-1-46,134,51066.69,46639.28,,,,,,,,,,,,
3-1-47,134,51209.36,46606.1,true,true,0,2,15,0,0,1,0,3,Daily1,Yes
3-1-48,134,51294.03,46585.26,true,,,2,98,0,0,1,0,3,Daily1,Yes
3-1-70,134,51472.27,46540.03,true,,,2,13,0,0,1,0,3,Daily1,Yes
3-1-72,134,51711.12,46461.18,true,,,2,18,0,0,1,0,3,Daily1,Yes
3-1-75,134,51857.6,46413.45,,,,,,,,,,,,
3-1-76,134,51959.2,46377.37,true,,,2,20,0,0,1,0,3,Daily1,Yes
3-2-13,134,50312.96,48244.97,,,,,,,,,,,,
3-2-14,134,50740.19,48012.51,,,,,,,,,,,,
3-2-15,134,50957.54,48028.45,true,,,2,21,0,0,1,0,3,Daily1,Yes
3-2-19,134,51285.94,47901.37,true,,,2,32,0,0,1,0,3,Daily1,Yes
3-2-21,134,51513.21,47877.49,true,,,2,19,0,0,1,0,3,Daily1,Yes
3-2-23,134,51845.61,47840.49,,,,,,,,,,,,
3-2-5,134,49708.05,48254.61,true,,,2,12,0,0,1,0,3,Daily1,Yes
3-2-6,134,49978.8,48250.17,true,,,2,152,0,0,1,0,3,Daily1,Yes
3-3-1,134,52156.15,47769.91,,,,,,,,,,,,
3-3-2,134,52241.5,47714.4,true,,,2,83,0,0,1,0,3,Daily1,Yes
3-3-3,134,52355.25,47628.53,true,,,2,13,0,0,1,0,3,Daily1,Yes
3-3-4,134,52472.55,47542.46,,,,,,,,,,,,
3-4-28,134,52285.06,46261.35,true,,,2,164,0,0,1,0,3,Daily1,Yes
3-4-28.1,134,52241.29,46277.56,,,,,,,,,,,,
3-4-29,134,52619.32,46142.73,,,,,,,,,,,,
3-4-30,134,52995.9,46009.58,,,,,,,,,,,,
3-4-31,134,53419.59,45859.25,,,,,,,,,,,,
3-4-32,134,53761.14,45737.72,true,,,2,4,0,0,1,0,3,Daily1,Yes
3-4-34,134,53826.45,45714.51,true,,,2,275,0,0,1,0,3,Daily1,Yes
3-4-84,134,53441.74,47219.58,true,,,2,138,0,0,1,0,3,Daily1,Yes
3-4-90,134,53159.86,47219.28,true,,,2,10,0,0,1,0,3,Daily1,Yes
3-4-92,134,52861.06,47298.43,true,,,2,13,0,0,1,0,3,Daily1,Yes
3-4-94,134,52661.3,47404.91,true,,,2,111,0,0,1,0,3,Daily1,Yes
3-4-95,134,52632.62,47424.88,true,,,2,12,0,0,1,0,3,Daily1,Yes
32-3-1,134,43100.41,55517.57,,,,,,,,,,,,
32-3-13,134,43088.35,53149.79,,,,,,,,,,,,
32-3-14,134,43106.67,55490.78,true,,,2,0,0,0,1,0,3,Commercial1,Yes
32-3-15,134,43102.13,54966.02,,,,,,,,,,,,
32-3-16,134,43099.96,54441.62,true,,,2,382,0,0,1,0,3,Daily1,Yes
32-3-2,134,43098.57,55153.66,,,,,,,,,,,,
32-3-20,134,43099.39,54278.89,true,,,2,11,0,0,1,0,3,Daily1,Yes
32-3-22,134,43098.88,53976.52,true,,,2,12,0,0,1,0,3,Daily1,Yes
32-3-24,134,43098.1,53903.23,,,,,,,,,,,,
32-3-25,134,43096.92,53654.31,true,,,2,9,0,0,1,0,3,Daily1,Yes
32-3-27,134,43096.35,53549.86,,,,,,,,,,,,
32-3-28,134,43094.99,53405.4,,,,,,,,,,,,
32-3-29,134,43091.87,53197.32,,,,,,,,,,,,
32-3-29.1,134,43093.56,53025.66,true,,,2,46,0,0,1,0,3,Daily1,Yes
32-3-3,134,43096.95,54754.91,,,,,,,,,,,,
32-3-31,134,43092.56,52902.92,true,,,2,47,0,0,1,0,3,Daily1,Yes
32-3-4,134,43095.17,54436.31,,,,,,,,,,,,
32-3-5,134,43094.4,54354.91,,,,,,,,,,,,
32-3-6,134,43092.89,53955.53,,,,,,,,,,,,
32-3-7,134,43091.22,53653.99,,,,,,,,,,,,
32-3-8,134,43091.21,53553.68,,true,0,,,,,,,,,
32-3-9,134,43090.03,53423.38,true,,,2,46,0,0,1,0,3,Daily1,Yes
32-4-1,134,43070.04,50253.63,,,,,,,,,,,,
32-4-14,134,43249.69,51119.54,,,,,,,,,,,,
32-4-15,134,43079.02,51306.71,,,,,,,,,,,,
32-4-16,134,43081.56,51653.45,,,,,,,,,,,,
32-4-17,134,43083.72,52052.6,true,,,2,42,0,0,1,0,3,Daily1,Yes
32-4-2,134,43069.85,50283.22,,,,,,,,,,,,
32-4-28,134,43085.28,52367.22,,,,,,,,,,,,
32-4-29,134,43091.03,52367.82,,,,,,,,,,,,
32-4-2A,134,43070.075,50303.167,,true,0,,,,,,,,,
32-4-3,134,43070.6,50522.56,,,,,,,,,,,,
32-4-32,134,43087.03,52712.65,,,,,,,,,,,,
32-4-33,134,43086.7,52731.9,,,,,,,,,,,,
32-4-4,134,43094.63,50900.57,,,,,,,,,,,,
32-4-42.1,134,43077.04,50256.32,,,,,,,,,,,,
32-4-43,134,43076.95,50298.44,,,,,,,,,,,,
32-4-44,134,43077.06,50638.65,,,,,,,,,,,,
32-4-45,134,43087.82,50883.06,,,,,,,,,,,,
32-4-46,134,43157.96,50984.28,,,,,,,,,,,,
32-4-47,134,43245.18,51113.31,,,,,,,,,,,,
32-4-48,134,43124.75,51242.12,,,,,,,,,,,,
32-4-49,134,43102.2,51319.4,,,,,,,,,,,,
32-4-5,134,43260.53,51108.28,true,,,2,115,0,0,1,0,3,Daily1,Yes
32-4-50,134,43086.67,51665.26,,,,,,,,,,,,
32-4-51,134,43090.62,52019.96,,,,,,,,,,,,
32-4-52,134,44086.96,52359.01,,true,0,,,,,,,,,
32-4-53,134,44059.15,52321.83,,,,,,,,,,,,
32-4-54,134,43820.89,52332.47,,,,,,,,,,,,
32-4-55,134,43484.38,52331.56,,,,,,,,,,,,
32-4-56,134,43263.45,52331.56,,,,,,,,,,,,
32-4-57,134,43090.93,52330.3,true,,,2,30,0,0,1,0,3,Daily1,Yes
33-1-113,134,44301.03,52854.05,,,,,,,,,,,,
33-1-114,134,44461.21,52859.94,,,,,,,,,,,,
33-1-3,134,44283.4,51365.07,true,,,2,197,0,0,1,0,3,Daily1,Yes
33-1-49,134,44286.1,51709.36,,,,,,,,,,,,
33-1-50,134,44287.97,52004.52,true,,,2,70,0,0,1,0,3,Daily1,Yes
33-1-72,134,44289.04,52060.18,,,,,,,,,,,,
33-1-73,134,44290.42,52358.46,,,,,,,,,,,,
33-1-74,134,44290.88,52368.4,,,,,,,,,,,,
33-1-75,134,44295.3,52587.69,true,,,2,62,0,0,1,0,3,Daily1,Yes
33-2-45,134,44462.3,53024.95,true,,,2,168,0,0,1,0,3,Daily1,Yes
33-3-3,134,47517.4,54327.84,true,,,2,253,0,0,1,0,3,Daily1,Yes
33-3-34,134,47612.93,55250.04,,,,,,,,,,,,
33-3-35,134,47609.47,55019.64,true,true,0,2,16,0,0,1,0,3,Daily1,Yes
33-3-36,134,47611.45,54648.21,,,,,,,,,,,,
33-3-36.1,134,47531.17,54379.64,,,,,,,,,,,,
33-3-37,134,47916.22,54224.78,true,true,0,2,51,0,0,1,0,3,Daily1,Yes
33-3-50,134,48598.58,55391.7,,true,0,,,,,,,,,
33-3-51,134,49001.88,55140.63,true,,,2,76,0,0,1,0,3,Daily1,Yes
33-3-51.1,134,49350.93,54953.46,,,,,,,,,,,,
33-3-51.2,134,49561.16,55005.1,,,,,,,,,,,,
33-3-60,134,47901.42,53880.99,,true,0,,,,,,,,,
33-3-61,134,47889.33,53795.73,,true,0,,,,,,,,,
33-3-62,134,47836.65,53692.84,true,true,0,2,29,0,0,1,0,3,Daily1,Yes
33-3-63,134,48042.09,53592.48,,true,0,,,,,,,,,
33-3-64,134,48080.65,53449.58,,,,,,,,,,,,
33-3-65,134,48077.9,53127.57,,true,0,,,,,,,,,
33-4-106,134,48058.87,52813.51,true,true,0,2,62,0,0,1,0,3,Daily1,Yes
33-4-63,134,47952.8,52515.09,true,true,0,2,140,0,0,1,0,3,Daily1,Yes
33-4-64,134,48223.83,52515.63,,true,0,,,,,,,,,
33-4-65,134,48341.45,52515.27,,true,0,,,,,,,,,
33-4-66,134,48405.48,52385.8,,true,0,,,,,,,,,
33-4-67,134,48476.87,52373.26,true,,,2,53,0,0,1,0,3,Daily1,Yes
33-4-77,134,48787.66,52321.97,,,,,,,,,,,,
33-4-78,134,48942.3,52284.29,,,,,,,,,,,,
33-4-79,134,49261.13,52306.48,true,true,0,2,31,0,0,1,0,3,Daily1,Yes
33-4-90,134,49339.76,52311.82,,,,,,,,,,,,
33-4-91,134,49436.84,52218.48,,true,0,,,,,,,,,
33-4-92,134,48051.29,52699.36,true,true,0,2,7,0,0,1,0,3,Daily1,Yes
34-1-19,134,49550.13,51888.13,true,,,2,97,0,0,1,0,3,Daily1,Yes
34-1-20,134,49684.44,51908.03,,,,,,,,,,,,
34-1-21,134,50032.63,51947.35,,,,,,,,,,,,
34-1-22,134,50065.69,51949.75,true,,,2,17,0,0,1,0,3,Daily1,Yes
34-1-23,134,50154.51,51815.51,,,,,,,,,,,,
34-1-24,134,50324.78,51812.43,,,,,,,,,,,,
34-1-25,134,50456.62,51510.38,,,,,,,,,,,,
34-1-26,134,50784.53,51506.22,true,,,2,239,0,0,1,0,3,Daily1,Yes
34-2-10,134,51461.57,52824.59,,,,,,,,,,,,
34-2-11,134,51537.99,52823.11,true,,,2,195,0,0,1,0,3,Daily1,Yes
34-2-12,134,51670.88,52821.23,true,true,0,2,13,0,0,1,0,3,Daily1,Yes
34-2-13,134,51862.65,52820.13,,,,,,,,,,,,
34-2-14,134,51997.17,52818.36,true,,,2,24,0,0,1,0,3,Daily1,Yes
34-2-15,134,49831.88,53515.94,,,,,,,,,,,,
34-2-16,134,49847.47,53813.35,,true,0,,,,,,,,,
34-2-17,134,49863.1,54113.28,,,,,,,,,,,,
34-2-18,134,49880.66,54446.55,true,,,2,41,0,0,1,0,3,Daily1,Yes
34-2-18.1,134,49870.63,54572.68,,true,0,,,,,,,,,
34-2-19,134,49852.54,54810.17,,true,0,,,,,,,,,
34-2-20,134,49937.21,54868,,,,,,,,,,,,
34-2-21,134,50118.16,54803.78,,,,,,,,,,,,
34-2-22,134,50423.88,54737.13,true,,,2,162,0,0,1,0,3,Daily1,Yes
34-2-23,134,50424.38,54450.67,,,,,,,,,,,,
34-2-24,134,50480.68,54386.81,true,,,2,36,0,0,1,0,3,Daily1,Yes
34-2-31,134,50768.32,54284.54,true,,,2,17,0,0,1,0,3,Daily1,Yes
34-2-35,134,50843.89,54257.89,,,,,,,,,,,,
34-2-36,134,51049.5,54184.87,true,,,2,8,0,0,1,0,3,Daily1,Yes
34-2-39,134,51220.65,54123.86,,,,,,,,,,,,
34-2-4,134,49815.67,53188.58,true,,,2,10,0,0,1,0,3,Daily1,Yes
34-2-40,134,51547.99,54013.45,true,,,2,25,0,0,1,0,3,Daily1,Yes
34-2-41,134,51658.23,53972.55,,,,,,,,,,,,
34-2-49,134,51937.62,53870.74,,,,,,,,,,,,
34-2-5,134,50027.31,53027.32,,,,,,,,,,,,
34-2-6,134,50278.99,52839.6,true,,,2,6,0,0,1,0,3,Daily1,Yes
34-2-7,134,50366.74,52835.48,true,,,2,13,0,0,1,0,3,Daily1,Yes
34-2-73,134,51233.27,52826.12,true,,,2,8,0,0,1,0,3,Daily1,Yes
34-2-75,134,50701.55,52832.21,true,,,2,6,0,0,1,0,3,Daily1,Yes
34-2-8,134,50662.32,52832.83,,,,,,,,,,,,
34-2-9,134,51061.67,52828.08,,,,,,,,,,,,
34-2-9.1,134,51319.45,52825.79,true,,,2,10,0,0,1,0,3,Daily1,Yes
34-3-1,134,52359.41,52815.06,true,,,2,140,0,0,1,0,3,Daily1,Yes
34-3-10,134,52916.35,53494.51,,,,,,,,,,,,
34-3-11,134,53055.53,53464.91,true,,,2,0,0,0,1,0,3,Daily1,Yes
34-3-12,134,53197.78,53377.9,,,,,,,,,,,,
34-3-13,134,53494.63,53199.9,,,,,,,,,,,,
34-3-14,134,53653.02,53197.18,true,,,2,9,0,0,1,0,3,Daily1,Yes
34-3-19,134,53660.49,53269.87,true,,,2,15,0,0,1,0,3,Daily1,Yes
34-3-2,134,52658.21,52811.71,,,,,,,,,,,,
34-3-23,134,54327.39,52957.5,true,true,0,2,15,0,0,1,0,3,Daily1,Yes
34-3-26,134,54465.63,53056.85,,true,0,,,,,,,,,
34-3-26.1,134,54565.52,52909.14,,true,0,,,,,,,,,
34-3-28,134,53677.21,53459.7,,,,,,,,,,,,
34-3-29,134,53742.99,53600.24,true,,,2,173,0,0,1,0,3,Daily1,Yes
34-3-3,134,52917.62,52809.45,true,,,2,225,0,0,1,0,3,Daily1,Yes
34-3-31,134,53927.9,53508.62,,,,,,,,,,,,
34-3-32,134,54127.68,53462.89,,,,,,,,,,,,
34-3-33,134,54324.75,53438.97,,true,0,,,,,,,,,
34-3-34,134,54531.22,53346.28,,true,0,,,,,,,,,
34-3-35,134,54679.43,53270.93,true,,,2,131,0,0,1,0,3,Daily1,Yes
34-3-37,134,54743.71,53173.44,true,,,2,14,0,0,1,0,3,Daily1,Yes
34-3-7,134,52265.12,53745.97,true,,,2,4,0,0,1,0,3,Daily1,Yes
34-3-8,134,52188.52,53778.71,,,,,,,,,,,,
34-3-87,134,54621.48,55402.04,true,true,0,2,28,0,0,1,0,3,Daily1,Yes
34-3-88,134,54191.53,52869.89,,,,,,,,,,,,
34-3-89,134,53920.35,52800.65,true,,,2,11,0,0,1,0,3,Daily1,Yes
34-3-9,134,52779.64,53610.26,,,,,,,,,,,,
34-3-9.0,134,52538.18,53628.06,true,true,0,2,5,0,0,1,0,3,Daily1,Yes
34-3-90,134,53785.89,52800.86,false,,,,,,,,,,,
34-3-91,134,53766.86,52908.4,,,,,,,,,,,,
34-3-92,134,53721.01,52985.03,,,,,,,,,,,,
34-3-93,134,53667.58,53097.05,,,,,,,,,,,,
34-4-41,134,54056.9,50165.86,,,,,,,,,,,,
34-4-42,134,54071.88,50152.06,true,,,2,228,0,0,1,0,3,Daily1,Yes
34-4-43,134,54207.82,50298.14,,true,0,,,,,,,,,
34-4-44,134,54431.96,50327.58,true,,,2,43,0,0,1,0,3,Daily1,Yes
34-4-46,134,54674.91,50390.24,,,,,,,,,,,,
34-4-47,134,54826.44,50713.65,true,,,2,3,0,0,1,0,3,Daily1,Yes
34-4-49,134,54718.41,50885.59,,,,,,,,,,,,
34-4-50,134,54506.47,51222.89,,,,,,,,,,,,
34-4-51,134,54292.5,51562.04,,,,,,,,,,,,
34-4-52,134,54079.8,51901.94,,,,,,,,,,,,
34-4-53,134,53860.53,52257.74,,,,,,,,,,,,
34-4-54,134,53914.73,52270.04,true,,,2,27,0,0,1,0,3,Daily1,Yes
34-4-59,134,53917.38,52461.35,,,,,,,,,,,,
34-4-64,134,54661.54,52773.37,,,,,,,,,,,,
34-4-64.2,134,54680.36,52697.28,,true,0,,,,,,,,,
34-4-64.3,134,54712.51,52471.22,true,true,0,2,13,0,0,1,0,3,Daily1,Yes
35-1-1,134,54928.65,50552.13,true,,,2,17,0,0,1,0,3,Daily1,Yes
35-1-2,134,55029.23,50579.66,,,,,,,,,,,,
35-1-25.1,134,54945.37,52493.83,true,,,2,75,0,0,1,0,3,Daily1,Yes
35-1-25.2,134,55270.19,52513.8,,,,,,,,,,,,
35-1-25.3,134,55659.34,52515.61,,,,,,,,,,,,
35-1-27,134,55670.13,52508.75,,,,,,,,,,,,
35-1-28,134,55879.72,52477.56,,,,,,,,,,,,
35-1-29,134,55980.69,52434.6,true,,,2,6,0,0,1,0,3,Daily1,Yes
35-1-3,134,55400.52,50421.9,,true,0,,,,,,,,,
35-1-30,134,56034.31,52410.88,,,,,,,,,,,,
35-1-31,134,56280.57,52250.76,true,true,0,2,37,0,0,1,0,3,Daily1,Yes
35-1-35,134,56499.3,52108.27,,true,0,,,,,,,,,
35-1-36,134,56654.21,51721.78,,,,,,,,,,,,
35-1-37,134,56810.61,51247.33,,,,,,,,,,,,
35-1-38,134,56956.9,50802.82,,,,,,,,,,,,
35-1-39,134,56979.96,50516.47,,true,0,,,,,,,,,
35-1-4,134,55613.94,50330.66,,,,,,,,,,,,
35-1-40,134,57016.23,50404.36,,,,,,,,,,,,
35-1-41,134,57015.88,50332.94,true,,,,,,,,,,,
35-1-42,134,57258.79,50324.76,,,,,,,,,,,,
35-1-42.1,134,57461.31,50352.37,true,,,2,36,0,0,1,0,3,Daily1,Yes
35-1-43,134,55469.93,52765.65,,,,,,,,,,,,
35-1-44,134,55724.92,52764.24,,,,,,,,,,,,
35-1-45,134,56002.1,52710.33,,,,,,,,,,,,
35-1-46,134,56106.95,52697.66,,,,,,,,,,,,
35-1-48,134,56138.39,52757.38,true,,,2,2,0,0,1,0,3,Daily1,Yes
35-1-5,134,55732.61,50309.04,true,true,0,2,69,0,0,1,0,3,Daily1,Yes
35-1-6,134,55917.28,50274.93,,,,,,,,,,,,
35-1-7,134,56217.92,50287.19,,,,,,,,,,,,
35-1-8,134,56307.65,50291.14,true,,,2,286,0,0,1,0,3,Daily1,Yes
35-2-1,134,54949.59,53072.37,,,,,,,,,,,,
35-2-2,134,55269.62,53004.36,,,,,,,,,,,,
35-2-36,134,56138.26,52893.21,,,,,,,,,,,,
35-2-37,134,56142.53,53064.44,,,,,,,,,,,,
35-2-38,134,56244.48,53149.36,,,,,,,,,,,,
35-2-39,134,56308.59,53145.48,true,,,2,12,0,0,1,0,3,Daily1,Yes
35-2-42,134,56485.88,53130.8,true,,,2,4,0,0,1,0,3,Daily1,Yes
35-2-44,134,56732.43,53110.11,true,,,2,8,0,0,1,0,3,Daily1,Yes
35-2-46,134,56853.54,53009.97,,,,,,,,,,,,
35-2-47,134,56969.82,52994.98,true,,,2,113,0,0,1,0,3,Daily1,Yes
35-2-49,134,57126.97,53252.47,true,,,2,14,0,0,1,0,3,Daily1,Yes
35-2-55,134,57149.75,53290.12,true,,,2,5,0,0,1,0,3,Daily1,Yes
35-2-57,134,57338.29,53439.73,true,,,2,3,0,0,1,0,3,Daily1,Yes
35-2-59,134,57384.08,53626.81,,,,,,,,,,,,
35-2-60,134,57489.1,53647.91,true,,,2,10,0,0,1,0,3,Daily1,Yes
35-2-68,134,57291.29,55396.67,,true,0,,,,,,,,,
35-2-69,134,56991.3,55398.06,,,,,,,,,,,,
35-2-70,134,56903.72,55398.41,true,,,2,51,0,0,1,0,3,Daily1,Yes
35-2-71,134,56608.62,55399.98,,,,,,,,,,,,
35-2-72,134,56592.44,55400.43,true,true,0,2,24,0,0,1,0,3,Daily1,Yes
35-2-73,134,56192.16,55402.48,true,,,2,21,0,0,1,0,3,Daily1,Yes
35-2-74,134,55907.92,55403.36,,,,,,,,,,,,
35-2-75,134,55375.73,55402.78,,,,,,,,,,,,
35-2-75.1,134,55272.39,55404.15,true,,,2,5,0,0,1,0,3,Daily1,Yes
35-2-76,134,55028.87,55402.12,true,,,2,0,0,0,1,0,3,Daily1,Yes
35-3-106,134,57632.53,55395.12,true,,,2,89,0,0,1,0,3,Daily1,Yes
35-3-107,134,58040.65,55392.84,,,,,,,,,,,,
35-3-108,134,58443.01,55391.01,,,,,,,,,,,,
35-3-109,134,58494.54,55390.99,true,,,2,169,0,0,1,0,3,Daily1,Yes
35-3-110,134,58838.35,55389.52,true,,,2,11,0,0,1,0,3,Daily1,Yes
35-3-111,134,59179.41,55389.43,true,,,2,371,0,0,1,0,3,Daily1,Yes
35-3-15,134,57540.66,53658.26,,,,,,,,,,,,
35-3-16,134,57577.88,53663.32,,,,,,,,,,,,
35-3-17,134,57925.87,53705.48,true,,,2,12,0,0,1,0,3,Daily1,Yes
35-3-21,134,57926.61,53721.29,,,,,,,,,,,,
35-3-22,134,58000.68,53729.37,true,,,2,8,0,0,1,0,3,Daily1,Yes
35-3-26,134,58312.06,53758.68,true,,,2,5,0,0,1,0,3,Daily1,Yes
35-3-29,134,58325,53759.46,,,,,,,,,,,,
35-3-30,134,58542.2,53727.72,true,,,2,8,0,0,1,0,3,Daily1,Yes
35-3-33,134,58622.04,53714.92,true,,,2,99,0,0,1,0,3,Daily1,Yes
35-3-50,134,58697.13,53703.62,,,,,,,,,,,,
35-3-51,134,58936.6,53619.68,true,,,2,88,0,0,1,0,3,Daily1,Yes
35-3-52,134,59070.31,53572.85,,,,,,,,,,,,
35-3-53,134,59361.49,53572.77,true,,,2,6,0,0,1,0,3,Daily1,Yes
35-3-55,134,59522.51,53572.39,,,,,,,,,,,,
35-3-56,134,59628.4,53623.03,true,,,2,6,0,0,1,0,3,Daily1,Yes
35-3-58,134,59690.13,53653.53,true,true,0,2,4,0,0,1,0,3,Daily1,Yes
35-3-60,134,59825.82,53718.7,,,,,,,,,,,,
35-3-61,134,60139.17,53723.95,true,,,2,230,0,0,1,0,3,Daily1,Yes
35-4-1,134,57624.44,50376.87,,,,,,,,,,,,
35-4-10,134,58135.18,50408.22,true,,,2,12,0,0,1,0,3,Daily1,Yes
35-4-13,134,58227.61,50103.27,true,,,2,158,0,0,1,0,3,Daily1,Yes
35-4-14,134,58541.27,50095.59,,true,0,,,,,,,,,
35-4-15,134,58959.59,50084.72,,,,,,,,,,,,
35-4-16,134,58947.87,50263.2,true,,,2,22,0,0,1,0,3,Daily1,Yes
35-4-2,134,57721.26,50389.65,true,,,2,58,0,0,1,0,3,Daily1,Yes
35-4-26,134,59396.65,50262.47,true,,,2,0,0,0,1,0,3,Daily1,Yes
35-4-27,134,59375.74,50406.48,true,,,2,10,0,0,1,0,3,Daily1,Yes
35-4-31,134,59538.99,50407.62,,,,,,,,,,,,
35-4-32,134,59891.61,50407.47,true,,,2,268,0,0,1,0,3,Daily1,Yes
35-4-4,134,57795.76,50400.51,false,,,,,,,,,,,
35-4-5,134,58005.77,50410.39,true,,,2,33,0,0,1,0,3,Daily1,Yes
35-4-9,134,58044.5,50409.97,,,,,,,,,,,,
4-1-77,134,44274.67,50220.13,true,,,2,68,0,0,1,0,3,Daily1,Yes
4-1-78,134,44507.13,50218.46,,,,,,,,,,,,
4-1-79,134,44928.94,50216.18,,true,0,,,,,,,,,
4-1-80,134,45042.91,50214.56,true,,,2,23,0,0,1,0,3,Daily1,Yes
4-1-83,134,45379.89,50213.43,,,,,,,,,,,,
4-1-84,134,45569.82,50212.54,true,,,2,46,0,0,1,0,3,Daily1,Yes
4-1-89,134,45831.37,50211.11,,,,,,,,,,,,
4-1-90,134,46134.04,50209.84,,true,0,,,,,,,,,
4-1-91,134,46397.85,50208.48,true,,,2,38,0,0,1,0,3,Daily1,Yes
4-1-92,134,46723.29,50205.67,,,,,,,,,,,,
4-1-93,134,46873.62,50205.37,true,,,2,280,0,0,1,0,3,Daily1,Yes
4-1-96,134,44260.07,47624.54,true,true,0,2,2,0,0,1,0,3,Daily1,Yes
4-2-38,134,47149.89,50205.92,true,true,0,2,15,0,0,1,0,3,Daily1,Yes
4-2-43,134,47415.66,50203.95,true,,,2,111,0,0,1,0,3,Daily1,Yes
4-2-68,134,47460.72,50204.71,true,,,2,4,0,0,1,0,3,Daily1,Yes
4-2-69,134,47620.19,50202.65,,,,,,,,,,,,
4-2-70,134,47706.9,50202.48,true,,,2,8,0,0,1,0,3,Daily1,Yes
4-2-72,134,47876.95,50200.83,true,true,0,2,37,0,0,1,0,3,Daily1,Yes
4-2-73,134,48129.49,50152.83,,,,,,,,,,,,
4-2-73.1,134,48281.36,50015.98,true,,,2,39,0,0,1,0,3,Daily1,Yes
4-2-74,134,48305.02,49992.66,,,,,,,,,,,,
4-2-75,134,48602.08,49647.15,,,,,,,,,,,,
4-2-76,134,48692.49,49339.31,true,,,2,58,0,0,1,0,3,Daily1,Yes
4-2-77,134,48685.77,49004.35,,,,,,,,,,,,
4-2-78,134,48688.1,48679.01,,,,,,,,,,,,
4-2-79,134,48888.63,48374.12,,,,,,,,,,,,
4-2-80,134,49010.42,48321.75,true,,,2,34,0,0,1,0,3,Daily1,Yes
4-2-89,134,49147.05,48263.77,,,,,,,,,,,,
4-2-90,134,49432.27,48255.77,,,,,,,,,,,,
4-3-38,134,47286.19,46553.23,,true,0,,,,,,,,,
4-3-39,134,47819.61,46514.83,,,,,,,,,,,,
4-3-40,134,47884.13,46472.56,true,,,2,11,0,0,1,0,3,Daily1,Yes
4-3-43,134,48023.57,46379.9,true,true,0,2,9,0,0,1,0,3,Daily1,Yes
4-3-45,134,48063.07,46353.68,true,true,0,2,15,0,0,1,0,3,Daily1,Yes
4-3-49,134,48176.62,46351.48,,,,,,,,,,,,
4-3-50,134,48371.9,46349.08,true,,,2,91,0,0,1,0,3,Daily1,Yes
4-3-56,134,48767.31,46415.964,true,true,0,2,14,0,0,1,0,3,Daily1,Yes
4-3-60,134,49175.77,46477.634,true,,,2,18,0,0,1,0,3,Daily1,Yes
4-3-61,134,49486.46,46536.79,true,,,2,81,0,0,1,0,3,Daily1,Yes
4-3-62,134,49500.9,46539.62,,,,,,,,,,,,
4-4-1,134,44237.44,44955,true,true,0,2,62,0,0,1,0,3,Daily1,Yes
4-4-10,134,44240.33,45266.82,,true,0,,,,,,,,,
4-4-11,134,44243.16,45586.48,true,,,2,78,0,0,1,0,3,Daily1,Yes
4-4-113,134,44238.82,44917.74,,,,,,,,,,,,
4-4-114,134,44382.72,44901.13,,,,,,,,,,,,
4-4-114.1,134,44299.11,44910.6,,true,0,,,,,,,,,
4-4-115,134,44775.06,44902.09,,,,,,,,,,,,
4-4-2,134,44239.06,44941.06,,,,,,,,,,,,
4-4-22,134,44244.51,45612.87,,true,0,,,,,,,,,
4-4-23,134,44246.79,45966.77,,true,0,,,,,,,,,
4-4-24,134,44249.27,46314.1,,,,,,,,,,,,
4-4-25,134,44249.59,46384.49,,,,,,,,,,,,
4-4-26,134,44253.31,46684.63,true,,,2,216,0,0,1,0,3,Daily1,Yes
4-4-58,134,44253.92,46712.4,,true,0,,,,,,,,,
4-4-59,134,44253.79,46720.41,,,,,,,,,,,,
4-4-60,134,44553.38,46718.25,,true,0,,,,,,,,,
4-4-61,134,44851.2,46721.74,true,,,2,29,0,0,1,0,3,Daily1,Yes
4-4-65,134,44852.07,46689.62,,,,,,,,,,,,
4-4-66,134,45207.31,46584.69,,,,,,,,,,,,
4-4-67,134,45529.71,46489.44,,,,,,,,,,,,
4-4-68,134,45600.92,46470.13,true,,,2,64,0,0,1,0,3,Daily1,Yes
4-4-69,134,45852.35,46400.92,true,,,2,23,0,0,1,0,3,Daily1,Yes
4-4-71,134,46083.54,46266.1,,,,,,,,,,,,
4-4-72,134,46246.72,46309.38,,,,,,,,,,,,
4-4-73,134,46343.29,46050.12,,,,,,,,,,,,
4-4-74,134,46550.86,46126.39,,,,,,,,,,,,
4-4-75,134,46588.97,46167.06,true,true,0,2,15,0,0,1,0,3,Daily1,Yes
4-4-77,134,46779.71,46372.46,,,,,,,,,,,,
4-4-78,134,46844.6,46586.51,,,,,,,,,,,,
4-4-91,134,44255.21,46829.35,true,,,2,4,0,0,1,0,3,Daily1,Yes
4-4-92,134,44257.59,47162.94,true,true,0,2,8,0,0,1,0,3,Daily1,Yes
4-4-93,134,44260.03,47539.43,true,true,0,2,192,0,0,1,0,3,Daily1,Yes
5-2-1,134,42980.57,50209.29,,,,,,,,,,,,
5-2-10,134,42923.79,48389.6,,,,,,,,,,,,
5-2-11,134,42912.1,48163.95,,,,,,,,,,,,
5-2-12,134,42873.16,48132.28,,,,,,,,,,,,
5-2-13,134,43043,49392.91,,,,,,,,,,,,
5-2-14,134,43192.02,49034.55,,true,0,,,,,,,,,
5-2-15,134,43311.3,48759.34,true,,,2,116,0,0,1,0,3,Daily1,Yes
5-2-19,134,43329.44,48699.83,true,,,2,8,0,0,1,0,3,Daily1,Yes
5-2-2,134,42974.12,49799.49,,,,,,,,,,,,
5-2-2.1,134,42972.33,49755.99,,,,,,,,,,,,
5-2-2.2,134,42963.1,49593.78,,true,0,,,,,,,,,
5-2-2.3,134,42962.61,49590.27,,true,0,,,,,,,,,
5-2-20,134,43480.96,48381.25,,,,,,,,,,,,
5-2-21,134,43753.55,48203.38,,,,,,,,,,,,
5-2-22,134,44021.85,48027.87,,true,0,,,,,,,,,
5-2-23,134,44028.49,47639.36,,,,,,,,,,,,
5-2-27,134,43210.19,49391.24,true,,,2,24,0,0,1,0,3,Daily1,Yes
5-2-28,134,43574.27,49388.88,true,,,2,18,0,0,1,0,3,Daily1,Yes
5-2-3,134,42959.41,49555.53,,true,0,,,,,,,,,
5-2-30,134,43708.61,49388,,,,,,,,,,,,
5-2-31,134,43958.82,49387.09,true,,,2,67,0,0,1,0,3,Daily1,Yes
5-2-4,134,42999.61,49555.17,,,,,,,,,,,,
5-2-44,134,43068.65,50209.19,,true,0,,,,,,,,,
5-2-45,134,43209.45,50207.32,,,,,,,,,,,,
5-2-46,134,43610.25,50201.36,true,,,2,2,0,0,1,0,3,Daily1,Yes
5-2-47,134,43744.73,50199.37,true,,,2,33,0,0,1,0,3,Daily1,Yes
5-2-48,134,43959.13,50196.71,,,,,,,,,,,,
5-2-5,134,43007.1,49461.16,,,,,,,,,,,,
5-2-52,134,43173.49,50179.16,,,,,,,,,,,,
5-2-53,134,43209.23,50025.05,,true,0,,,,,,,,,
5-2-54,134,43211.03,49949.31,true,,,2,13,0,0,1,0,3,Daily1,Yes
5-2-56,134,43209.58,49776.04,,true,0,,,,,,,,,
5-2-57,134,43210.58,49696.17,true,,,2,23,0,0,1,0,3,Daily1,Yes
5-2-6,134,42957.84,49463.51,,true,0,,,,,,,,,
5-2-7,134,42955.92,49099.62,,,,,,,,,,,,
5-2-8,134,42958.52,48703.12,,true,0,,,,,,,,,
5-2-9,134,42958.98,48453.79,,,,,,,,,,,,
5-3-1,134,42878.77,47723.17,,,,,,,,,,,,
5-3-10,134,44148.14,45716.46,,,,,,,,,,,,
5-3-11,134,44145.33,45283.84,,,,,,,,,,,,
5-3-12,134,44150.05,44952.23,,,,,,,,,,,,
5-3-2,134,42874.93,47256.49,,,,,,,,,,,,
5-3-3,134,42868.59,46752.54,,,,,,,,,,,,
5-3-4,134,42865.6,46250.21,,,,,,,,,,,,
5-3-5,134,42863.73,45754.82,,,,,,,,,,,,
5-3-6,134,42899.01,45748.89,,,,,,,,,,,,
5-3-7,134,43312.03,45731.7,,,,,,,,,,,,
5-3-7.1,134,43215.74,45734.98,true,true,0,2,10,0,0,1,0,3,Daily1,Yes
5-3-8,134,43561.12,45727.56,,,,,,,,,,,,
5-3-9,134,43710.15,45725.41,,,,,,,,,,,,
6-1-1,134,36247.26,76865.27,,,,,,,,,,,,
6-1-10,134,35259.4,79194.86,,,,,,,,,,,,
6-1-2,134,36211.68,77200.46,,,,,,,,,,,,
6-1-3,134,36146.58,77507.95,,,,,,,,,,,,
6-1-4,134,36087.28,77748.61,,,,,,,,,,,,
6-1-5,134,36048.7,78000.48,,,,,,,,,,,,
6-1-6,134,36033.64,78243.21,,,,,,,,,,,,
6-1-7,134,36056.61,79008.95,,,,,,,,,,,,
6-1-8,134,36064.28,79170.04,,,,,,,,,,,,
6-1-9,134,35260.42,79172,,,,,,,,,,,,
6-2-1,134,35255.5,79682.65,,,,,,,,,,,,
6-2-10,134,33814.01,81116.58,,,,,,,,,,,,
6-2-11,134,33814.94,81160.77,true,,,2,0,0,0,1,0,3,Commercial1,Yes
6-2-12,134,33816.86,81541.14,,true,0,,,,,,,,,
6-2-13,134,33818.98,82000.03,true,,,2,8,0,0,1,0,3,Daily1,Yes
6-2-16,134,33791.99,81656.54,true,,,2,18,0,0,1,0,3,Daily1,Yes
6-2-17,134,34105.28,81633.19,,,,,,,,,,,,
6-2-18,134,34568.01,81619.37,,,,,,,,,,,,
6-2-19,134,34567.48,81397.04,true,,,2,8,0,0,1,0,3,Daily1,Yes
6-2-2,134,35242.86,79847.99,,,,,,,,,,,,
6-2-24,134,34658.23,81355.52,,true,0,,,,,,,,,
6-2-24S1,134,34663.7,81352.321,,true,0,,,,,,,,,
6-2-24S2,134,34673.588,81346.522,,true,0,,,,,,,,,
6-2-25,134,34679.12,81343.46,,true,0,,,,,,,,,
6-2-26,134,34862.8,81285.78,true,,,2,11,0,0,1,0,3,Daily1,Yes
6-2-28,134,34960.56,81254.48,true,,,2,32,0,0,1,0,3,Daily1,Yes
6-2-28.1,134,35029.4,81233.49,,,,,,,,,,,,
6-2-3,134,35180.12,79885.152,,,,,,,,,,,,
6-2-33,134,35379.62,81124.24,,true,0,,,,,,,,,
6-2-34,134,35602.05,80959.38,true,,,2,121,0,0,1,0,3,Daily1,Yes
6-2-35,134,35902.17,80626.76,,,,,,,,,,,,
6-2-36,134,36175.97,80321.68,,,,,,,,,,,,
6-2-37,134,36394.7,79827.22,true,true,0,2,77,0,0,1,0,3,Daily1,Yes
6-2-39,134,33793.49,82001.32,,,,,,,,,,,,
6-2-4,134,35185.43,80128.242,,true,0,,,,,,,,,
6-2-5,134,35035.84,80275.36,,,,,,,,,,,,
6-2-6,134,35037.12,80491.55,,,,,,,,,,,,
6-2-7,134,34548.72,80493.85,,,,,,,,,,,,
6-2-8,134,34518.6,80478.41,false,,,,,,,,,,,
6-2-9,134,33798.77,80481.63,,true,0,,,,,,,,,
6-4-1,134,37014.64,76946.69,,,,,,,,,,,,
6-4-10,134,37211.65,77596.9,,,,,,,,,,,,
6-4-10.1,134,37258.09,77736.01,,,,,,,,,,,,
6-4-11,134,37324.25,77896.19,,,,,,,,,,,,
6-4-12,134,37147.97,78146.93,,true,0,,,,,,,,,
6-4-13,134,36958.24,78586.05,true,,,2,11,0,0,1,0,3,Daily1,Yes
6-4-16,134,36827.46,78896.39,,true,0,,,,,,,,,
6-4-17,134,36739.31,79106.49,,,,,,,,,,,,
6-4-18,134,36658.02,79238.2,,,,,,,,,,,,
6-4-19,134,36576.52,79415.97,,,,,,,,,,,,
6-4-2,134,37033.8,77089.11,,,,,,,,,,,,
6-4-3,134,37015.66,77097.52,,,,,,,,,,,,
6-4-4,134,37104.17,77347.62,,,,,,,,,,,,
6-4-5,134,37125.83,77342.07,,,,,,,,,,,,
6-4-6,134,37416.75,77264.86,,,,,,,,,,,,
6-4-7,134,37698.05,77229.24,,,,,,,,,,,,
6-4-7.1,134,37708.66,77224.6,,true,0,,,,,,,,,
6-4-7.2,134,37817.42,77205.41,,true,0,,,,,,,,,
6-4-7.3,134,37806.23,77127.31,true,true,0,2,48,0,0,1,0,3,Daily1,Yes
6-4-7.4,134,37963.38,77084.33,,true,0,,,,,,,,,
6-4-8,134,37975.93,77078.06,,,,,,,,,,,,
6-4-9,134,38152.79,77049.3,,true,0,,,,,,,,,
7-3-1,134,36257.13,76518.39,,,,,,,,,,,,
7-3-14,134,37233.51,75991.02,,true,0,,,,,,,,,
7-3-15,134,37494.29,75639.42,,,,,,,,,,,,
7-3-16,134,37766.7,75272.09,,true,0,,,,,,,,,
7-3-17,134,38064.16,74870.04,,,,,,,,,,,,
7-3-18,134,38165.63,74734.59,true,,,2,26,0,0,1,0,3,Daily1,Yes
7-3-2,134,36890.46,76500.35,,true,0,,,,,,,,,
7-3-21,134,38360.85,74469.96,,true,0,,,,,,,,,
7-3-22,134,38660.06,74067.87,,,,,,,,,,,,
7-3-23,134,36990.87,76469.97,,,,,,,,,,,,
7-3-24,134,37058,76240.19,,,,,,,,,,,,
7-3-25,134,37196.98,76055.73,,,,,,,,,,,,
7-3-26,134,37284.72,75982.06,,,,,,,,,,,,
7-3-27,134,37289.5,75931.54,,true,0,,,,,,,,,
7-3-28,134,37497.67,75649.98,,,,,,,,,,,,
7-3-29,134,37769.78,75283.45,,,,,,,,,,,,
7-3-3,134,36915.15,76499.89,,true,0,,,,,,,,,
7-3-30,134,38014.95,74971.11,,,,,,,,,,,,
7-3-31,134,38406.39,74428.68,,true,0,,,,,,,,,
7-3-32,134,38665.01,74075.35,,,,,,,,,,,,
7-3-33,134,38260.86,76636.12,true,,,2,5,0,0,1,0,3,Daily1,Yes
7-3-34,134,38518.24,76396.56,,true,0,,,,,,,,,
7-3-35,134,38521.11,76255.42,true,true,0,2,4,0,0,1,0,3,Daily1,Yes
7-3-36,134,38665.9,76182.24,,true,0,,,,,,,,,
7-3-36.1,134,38886.28,76125.39,true,true,0,2,17,0,0,1,0,3,Daily1,Yes
7-3-37,134,38932.61,76115.49,,true,0,,,,,,,,,
7-3-4,134,36974.87,76498.52,,,,,,,,,,,,
7-3-5,134,36964.76,76529.16,,true,0,,,,,,,,,
7-3-6,134,37046.36,76243.35,,,,,,,,,,,,
7-3-7,134,37087.07,76189.24,,,,,,,,,,,,
8-1-1,134,38799.53,73688.59,,,,,,,,,,,,
8-1-13,134,40799.57,71848.36,true,,,2,20,0,0,1,0,3,Daily1,Yes
8-1-18,134,40800.96,72184.78,,true,0,,,,,,,,,
8-1-19,134,40800.29,72215.82,true,true,0,2,129,0,0,1,0,3,Daily1,Yes
8-1-2,134,38961.22,73246.73,,,,,,,,,,,,
8-1-20,134,40771.81,72245.57,,,,,,,,,,,,
8-1-20.1,134,40479.2,72393.88,,true,0,,,,,,,,,
8-1-21,134,40148.76,72534,,,,,,,,,,,,
8-1-22,134,39842.27,72684.89,,,,,,,,,,,,
8-1-22.1,134,39575.83,72818.74,,,,,,,,,,,,
8-1-23,134,39270.5,73033.43,,,,,,,,,,,,
8-1-24,134,38964.37,73254.53,,,,,,,,,,,,
8-1-25,134,38804.36,73695.98,,,,,,,,,,,,
8-1-3,134,39260.63,73032.46,,,,,,,,,,,,
8-1-35,134,41063.72,72177.56,true,,,2,100,0,0,1,0,3,Daily1,Yes
8-1-4,134,39567.3,72814.04,,,,,,,,,,,,
8-1-42,134,41349.26,72170.96,,true,0,,,,,,,,,
8-1-43,134,41644.73,72163.44,,,,,,,,,,,,
8-1-5,134,40140.94,72530.19,,true,0,,,,,,,,,
8-1-5.1,134,40460.22,72393.76,,true,0,,,,,,,,,
8-1-6,134,40772.23,72230.72,,true,0,,,,,,,,,
8-1-7,134,40769.64,71734.9,,,,,,,,,,,,
8-1-8,134,40798.44,71567.94,true,true,0,2,39,0,0,1,0,3,Commercial1,Yes
8-2-10,134,40231.71,76037.74,,,,,,,,,,,,
8-2-11,134,40329.25,76110.71,,,,,,,,,,,,
8-2-12,134,40585.96,76047.99,,true,0,,,,,,,,,
8-2-13,134,40913.26,75960.76,,,,,,,,,,,,
8-2-14,134,40996.16,75896.57,true,,,2,120,0,0,1,0,3,Daily1,Yes
8-2-20,134,41159.4,75897.76,true,,,2,8,0,0,1,0,3,Daily1,Yes
8-2-22,134,41471.59,75786.54,,,,,,,,,,,,
8-2-23,134,41701.49,75691.11,false,,,,,,,,,,,
8-2-24,134,41793.13,75979.42,true,true,0,2,223,0,0,1,0,3,Daily1,Yes
8-2-4,134,39296.21,76126.38,,,,,,,,,,,,
8-2-5,134,39297.63,76265.43,true,true,0,2,0,0,0,1,0,3,Daily1,Yes
8-2-6,134,39710.48,76141.14,,,,,,,,,,,,
8-2-6.1,134,40083.34,76061.61,,true,0,,,,,,,,,
8-2-6.2,134,39872.1,76094.11,true,true,0,2,7,0,0,1,0,3,Daily1,Yes
8-2-7,134,40150.6,76071.04,,,,,,,,,,,,
8-2-8,134,40202.57,76049.16,true,,,2,10,0,0,1,0,3,Daily1,Yes
8-3-11,134,42342.86,75302.42,true,,,2,27,0,0,1,0,3,Daily1,Yes
8-3-12,134,42244.52,75371.45,,,,,,,,,,,,
8-3-13,134,42223.17,75385.51,,,,,,,,,,,,
8-3-14,134,42015.87,75530.97,,,,,,,,,,,,
8-3-15,134,42653.14,75046.44,,true,0,,,,,,,,,
8-3-16,134,42926.8,74747.63,false,,,,,,,,,,,
8-3-17,134,43162.95,74459.88,,,,,,,,,,,,
8-3-17.1,134,43189.04,74426.2,true,,,2,44,0,0,1,0,3,Daily1,Yes
8-3-18,134,42888.96,74715.9,true,,,2,10,0,0,1,0,3,Daily1,Yes
8-3-19,134,42923.14,74357.61,true,,,2,53,0,0,1,0,3,Daily1,Yes
8-3-20,134,42707.84,74339.26,true,,,2,11,0,0,1,0,3,Daily1,Yes
8-4-1,134,41855.32,71497.57,true,,,2,180,0,0,1,0,3,Daily1,Yes
8-4-3,134,41860.31,71639.54,,,,,,,,,,,,
8-4-35,134,42784.61,73958.01,true,,,2,177,0,0,1,0,3,Daily1,Yes
8-4-36,134,42831.79,74044.09,true,,,2,9,0,0,1,0,3,Daily1,Yes
8-4-4,134,41856.81,71837.31,true,,,2,9,0,0,1,0,3,Daily1,Yes
8-4-42,134,43426.86,74131.91,,,,,,,,,,,,
8-4-43,134,43681.01,73816.2,,,,,,,,,,,,
8-4-44,134,43929.17,73507.69,,,,,,,,,,,,
8-4-45,134,44180.43,73191.87,,,,,,,,,,,,
8-4-46,134,42941.2,73604.15,true,,,2,242,0,0,1,0,3,Daily1,Yes
8-4-6,134,41849.94,72230.27,true,,,2,23,0,0,1,0,3,Daily1,Yes
9N-1-1,134,44926.24,71784.49,,,,,,,,,,,,
9N-1-2,134,44771.74,72167.81,,,,,,,,,,,,
9N-1-3,134,44602.2,72518.56,,,,,,,,,,,,
9N-1-4,134,44408.55,72865.77,,,,,,,,,,,,
9S-1-1,134,44247.64,39863.47,true,true,0,2,0,0,0,1,0,3,Commercial1,Yes
9S-1-10,134,44419.92,40459.16,true,,,2,50,0,0,1,0,3,Daily1,Yes
9S-1-2,134,44249,40211.91,,true,0,,,,,,,,,
9S-1-20,134,44889.22,40448.42,true,,,2,154,0,0,1,0,3,Daily1,Yes
9S-1-21,134,44878.29,40729.85,true,,,2,73,0,0,1,0,3,Daily1,Yes
9S-1-3,134,44251.57,40459.44,true,,,2,16,0,0,1,0,3,Daily1,Yes
9S-1-33,134,45102.08,40749.83,false,,,,,,,,,,,
9S-1-34,134,45232.17,40860.02,true,,,2,6,0,0,1,0,3,Daily1,Yes
9S-1-36,134,45401.27,41105.5,,,,,,,,,,,,
9S-1-37,134,45504.67,41117.27,,,,,,,,,,,,
9S-1-38,134,45636.47,41131.85,true,,,2,55,0,0,1,0,3,Daily1,Yes
9S-1-50,134,45974.39,41097.63,true,,,2,16,0,0,1,0,3,Daily1,Yes
9S-1-53,134,46198.48,40987.14,true,,,2,26,0,0,1,0,3,Daily1,Yes
9S-1-57,134,46413.88,40880.71,true,,,2,27,0,0,1,0,3,Daily1,Yes
9S-1-62,134,46640.88,40756.97,true,true,0,2,173,0,0,1,0,3,Daily1,Yes
9S-1-LiftS,133,44168.59,39847.7,,true,0,,,,,,,,,
9S-2-17,134,45500.01,42217.46,,,,,,,,,,,,
9S-2-18,134,45502.37,42273.61,,,,,,,,,,,,
9S-2-19,134,45636.66,42273.87,true,,,2,71,0,0,1,0,3,Daily1,Yes
9S-2-2,134,45157.58,42182.64,true,,,2,12,0,0,1,0,3,Daily1,Yes
9S-2-24,134,45898.31,42272.35,,true,0,,,,,,,,,
9S-2-25,134,46297.72,42270,,,,,,,,,,,,
9S-2-26,134,46712.99,42268.53,,,,,,,,,,,,
9S-2-27,134,44652.46,42672.98,,,,,,,,,,,,
9S-2-28,134,44522.59,42555.74,,,,,,,,,,,,
9S-2-29,134,44402.36,42624.96,,,,,,,,,,,,
9S-2-3,134,45004.47,42408.57,true,,,2,15,0,0,1,0,3,Daily1,Yes
9S-2-30,134,44403.77,42944.04,true,,,2,30,0,0,1,0,3,Daily1,Yes
9S-2-33,134,44281.41,42944.66,,true,0,,,,,,,,,
9S-2-34,134,44283.7,43352.96,true,,,2,59,0,0,1,0,3,Daily1,Yes
9S-2-5,134,44949.89,42671.3,true,,,2,42,0,0,1,0,3,Daily1,Yes
9S-2-50,134,44290.2,43741.49,,true,0,,,,,,,,,
9S-2-50.1,134,44291.36,43587.1,,,,,,,,,,,,
9S-2-51,134,44441.86,43751.61,true,,,2,119,0,0,1,0,3,Daily1,Yes
9S-2-67,134,44439.02,44128.83,,,,,,,,,,,,
9S-2-68,134,44414.19,44517.42,,,,,,,,,,,,
9S-2-69,134,44386.45,44867.61,,,,,,,,,,,,
9S-2-70,134,44237.74,44869.03,,,,,,,,,,,,
9S-2-71,134,44895.17,44897.54,,,,,,,,,,,,
9S-2-72,134,45174.34,44896.3,true,,,2,61,0,0,1,0,3,Daily1,Yes
9S-2-73,134,45588.32,44893.19,,,,,,,,,,,,
9S-2-74,134,45983.45,44895.25,,,,,,,,,,,,
9S-2-75,134,46384.12,44896.63,,,,,,,,,,,,
9S-2-76,134,46804.05,44896.5,true,,,2,215,0,0,1,0,3,Daily1,Yes
9S-3-73,134,47151.66,44884.82,,,,,,,,,,,,
9S-3-74,134,47291.12,44885.24,true,,,2,34,0,0,1,0,3,Daily1,Yes
9S-3-75,134,47371.96,44882.99,,,,,,,,,,,,
9S-3-76,134,47408.09,44899.34,,,,,,,,,,,,
9S-3-77,134,47934.53,44897.41,false,,,,,,,,,,,
9S-3-78,134,48161.91,44894.39,true,,,2,19,0,0,1,0,3,Daily1,Yes
9S-3-79,134,48231.38,44895.16,true,,,2,32,0,0,1,0,3,Commercial1,Yes
9S-3-80,134,48384.5,44893.72,,,,,,,,,,,,
9S-3-81,134,48781.48,44891.5,,,,,,,,,,,,
9S-3-82,134,49182.99,44887.39,,,,,,,,,,,,
9S-4-111,134,49229.53,42213.62,,,,,,,,,,,,
9S-4-111.1,134,49336.77,42211.44,true,,,2,84,0,0,1,0,3,Daily1,Yes
9S-4-112,134,49465.14,42211.28,,,,,,,,,,,,
9S-4-62,134,48772.4,40492.28,true,,,2,44,0,0,1,0,3,Daily1,Yes
9S-4-63,134,48997.57,40485.42,true,,,2,10,0,0,1,0,3,Daily1,Yes
9S-4-70,134,49145.43,40480.47,,,,,,,,,,,,
9S-4-71,134,49455.82,40543.09,true,,,2,46,0,0,1,0,3,Daily1,Yes
9S-4-72,134,49445.29,40411.56,,,,,,,,,,,,
9S-4-73,134,48642.18,40534.8,true,,,2,6,0,0,1,0,3,Daily1,Yes
9S-4-75,134,48346.06,40632.73,,,,,,,,,,,,
9S-4-76,134,48365,40700.11,,,,,,,,,,,,
9S-4-77,134,48289.71,40798.77,,,,,,,,,,,,
9s-4-78,134,48143.44,40919.88,,,,,,,,,,,,
9s-4-79,134,48143.19,41100.66,true,,,2,6,0,0,1,0,3,Daily1,Yes
9s-4-81,134,48144.21,41672.88,true,,,2,12,0,0,1,0,3,Daily1,Yes
9S-4-81.1,134,48144.07,41637.38,,,,,,,,,,,,
9s-4-81.2,134,48143.56,41288.01,,,,,,,,,,,,
9S-4-86,134,48144.77,41952.58,,,,,,,,,,,,
9S-4-87,134,47083.1,42249.97,true,,,2,10,0,0,1,0,3,Daily1,Yes
9S-4-88,134,47460.29,42246.52,,,,,,,,,,,,
9S-4-89,134,47808.71,42240.87,true,,,2,8,0,0,1,0,3,Daily1,Yes
9S-4-90,134,48145.37,42239.78,true,,,2,4,0,0,1,0,3,Daily1,Yes
9S-4-91,134,48160.5,42240.49,,,,,,,,,,,,
9S-4-92,134,48509.35,42233.63,,,,,,,,,,,,
9S-4-93,134,48929.63,42216.75,true,,,2,129,0,0,1,0,3,Daily1,Yes